Date,Open,High,Low,Close,AdjClose,Volume
2017/2/21,168.919998,169.649994,168.470001,168.919998,168.919998,4416900
2017/2/22,168.919998,169.699997,168.330002,169.610001,169.610001,3299400
2017/2/23,169.960007,170.160004,169.110001,170.149994,170.149994,3377100
2017/2/24,169.399994,170.279999,169.220001,170.220001,170.220001,4023400
2017/2/27,170.899994,171.199997,170.320007,170.630005,170.630005,3738600
2017/2/28,170.899994,172.199997,170.509995,171.419998,171.419998,6464500
2017/3/1,173.699997,177.410004,173.699997,177.279999,177.279999,7137600
2017/3/2,177.860001,177.860001,175.479996,175.889999,175.889999,4154800
2017/3/3,175.970001,176.460007,175.039993,175.679993,175.679993,3552000
2017/3/6,175.440002,175.880005,174.509995,175.399994,175.399994,3379100
2017/3/7,175.580002,175.759995,174.899994,175.300003,175.300003,2645400
2017/3/8,175.889999,176,174.800003,174.970001,174.970001,3334400
2017/3/9,175.699997,175.850006,174.820007,175.369995,175.369995,2955800
2017/3/10,176,176.139999,174.449997,174.979996,174.979996,3789700
2017/3/13,175.289993,175.600006,174.690002,175.389999,175.389999,3333500
2017/3/14,175.220001,175.429993,174.229996,174.729996,174.729996,2972300
2017/3/15,174.979996,175.080002,173.770004,174.669998,174.669998,3928500
2017/3/16,175.149994,175.429993,173.699997,174.080002,174.080002,3119600
2017/3/17,173.889999,173.889999,172.320007,172.820007,172.820007,6710700
2017/3/20,172.300003,172.869995,171.600006,172.070007,172.070007,3340700
2017/3/21,172.160004,172.440002,169.029999,169.470001,169.470001,4973900
2017/3/22,169.270004,170.039993,168.020004,169.300003,169.300003,3257000
2017/3/23,169.660004,171.360001,169.210007,169.889999,169.889999,3142900
2017/3/24,170.449997,170.449997,168.020004,168.660004,168.660004,4131900
2017/3/27,166.889999,167.509995,165.800003,167.440002,167.440002,4884700
2017/3/28,167.279999,168.610001,166.360001,168.309998,168.309998,4598000
2017/3/29,168,168.300003,166.440002,166.589996,166.589996,4776400
2017/3/30,166.300003,167.690002,166,167.360001,167.360001,3393700
2017/3/31,167.410004,167.600006,166.339996,166.679993,166.679993,3564700
2017/4/3,166.720001,167,165.320007,166.869995,166.869995,3986900
2017/4/4,166.610001,167,166.139999,166.860001,166.860001,2853000
2017/4/5,167.449997,168.229996,165.669998,165.830002,165.830002,5231100
2017/4/6,165.639999,167,165.020004,166.470001,166.470001,3892300
2017/4/7,165.619995,166.889999,165.479996,166.169998,166.169998,2593400
2017/4/10,166.199997,167,165.979996,166.350006,166.350006,3015900
2017/4/11,165.800003,166.220001,164.850006,165.699997,165.699997,3488200
2017/4/12,165.070007,165.479996,164.660004,165.110001,165.110001,3419700
2017/4/13,164.979996,165.279999,162.869995,162.899994,162.899994,3655100
2017/4/17,163.610001,164.630005,162.669998,164.350006,164.350006,3414100
2017/4/18,163.869995,164.229996,163.089996,163.690002,163.690002,2985800
2017/4/19,164.100006,164.490005,162.279999,162.759995,162.759995,3932900
2017/4/20,163.289993,165.240005,163.039993,164.979996,164.979996,3729200
2017/4/21,164.399994,164.949997,163.339996,163.410004,163.410004,5122400
2017/4/24,165.699997,165.990005,164.399994,165.779999,165.779999,4135500
2017/4/25,166.919998,167.960007,166.600006,167.529999,167.529999,4268500
2017/4/26,167.5,168.949997,167.25,167.630005,167.630005,4084300
2017/4/27,167.649994,167.809998,165.5,166.550003,166.550003,4290200
2017/4/28,166.279999,166.550003,164.679993,165.210007,165.210007,3045000
2017/5/1,165.800003,166.320007,165.350006,165.440002,165.440002,3135400
2017/5/2,165.899994,166.330002,165.160004,166.050003,166.050003,2781200
2017/5/3,165.699997,167.080002,165.5,166.729996,166.729996,2982200
2017/5/4,167.639999,168.039993,166.220001,166.339996,166.339996,3643500
2017/5/5,167.119995,167.139999,165.880005,166.550003,166.550003,3578500
2017/5/8,166.5,166.600006,164.100006,165.020004,165.020004,5163900
2017/5/9,165.169998,165.240005,163,163.460007,163.460007,3840700
2017/5/10,163.360001,163.880005,163.029999,163.720001,163.720001,3237400
2017/5/11,163.580002,163.770004,162.389999,163.270004,163.270004,3285900
2017/5/12,163.059998,163.490005,162.470001,163.320007,163.320007,3592300
2017/5/15,163.809998,164.080002,163.259995,163.800003,163.800003,2959000
2017/5/16,164.100006,164.289993,163.25,163.610001,163.610001,2434900
2017/5/17,163.610001,163.610001,161.179993,161.259995,161.259995,4797400
2017/5/18,161.5,162.619995,160.929993,161.619995,161.619995,3645600
2017/5/19,161.860001,164.080002,161.580002,163.240005,163.240005,4164900
2017/5/22,164.800003,165.479996,163.940002,165.130005,165.130005,4350800
2017/5/23,165.399994,165.770004,164.869995,165.479996,165.479996,3352200
2017/5/24,165.899994,165.899994,164.550003,164.929993,164.929993,2597300
2017/5/25,165.229996,165.5,164.710007,165.300003,165.300003,2605300
2017/5/26,165.25,165.880005,165.020004,165.690002,165.690002,2156300
2017/5/30,165.789993,165.869995,164.470001,165.110001,165.110001,3048300
2017/5/31,165.270004,165.449997,164.100006,165.279999,165.279999,5674900
2017/6/1,165.800003,166.690002,164.75,166.660004,166.660004,3330900
2017/6/2,166.130005,166.919998,165.850006,166.289993,166.289993,3919900
2017/6/5,166.429993,167.070007,166.330002,166.520004,166.520004,2303200
2017/6/6,166.119995,166.720001,165.880005,166.130005,166.130005,2752300
2017/6/7,166.139999,166.75,165.869995,166.5,166.5,2987300
2017/6/8,166.5,167.940002,166.229996,166.940002,166.940002,4387400
2017/6/9,167.669998,170.139999,167.419998,170,170,3781300
2017/6/12,169.429993,170.649994,169.410004,170.5,170.5,4662700
2017/6/13,171.5,171.820007,170.899994,171.470001,171.470001,3145400
2017/6/14,170.919998,171.5,169.550003,171.449997,171.449997,3344500
2017/6/15,170.600006,170.919998,169.570007,170.550003,170.550003,3275200
2017/6/16,170.600006,171.039993,169.75,170.479996,170.479996,6505900
2017/6/19,171.389999,171.949997,170.779999,171.550003,171.550003,2869000
2017/6/20,171.679993,171.679993,170.449997,170.550003,170.550003,2470100
2017/6/21,170.610001,170.779999,169.339996,169.619995,169.619995,2365100
2017/6/22,169.330002,169.669998,168.309998,168.320007,168.320007,2673900
2017/6/23,169.270004,169.270004,166.639999,167.220001,167.220001,4046800
2017/6/26,167.800003,168.279999,166.970001,167.490005,167.490005,2543000
2017/6/27,167.720001,168.059998,166.779999,167.350006,167.350006,2995600
2017/6/28,167.929993,170.149994,167.899994,169.889999,169.889999,3210900
2017/6/29,170.679993,171.369995,168.600006,169.300003,169.300003,3545500
2017/6/30,170.009995,170.149994,169.270004,169.369995,169.369995,3627800
2017/7/3,170.399994,172.699997,169.949997,171.800003,171.800003,2493400
2017/7/5,172.059998,172.509995,171.279999,171.850006,171.850006,2558600
2017/7/6,171.559998,171.970001,170.089996,170.199997,170.199997,3182000
2017/7/7,170.839996,171.320007,169.899994,171.139999,171.139999,2967200
2017/7/10,170.610001,171.309998,169.899994,170.25,170.25,2504500
2017/7/11,169.940002,170.199997,168,169.240005,169.240005,3525600
2017/7/12,169.789993,170.089996,169.059998,169.919998,169.919998,3018200
2017/7/13,170.059998,170.070007,169.25,169.690002,169.690002,3170500
2017/7/14,168.899994,169.919998,168.520004,169.470001,169.470001,2941500
2017/7/17,169.440002,170.729996,168.949997,170.160004,170.160004,3044400
2017/7/18,170.039993,170.690002,169.559998,170.309998,170.309998,2599700
2017/7/19,170.309998,171.330002,170.309998,171.199997,171.199997,1923200
2017/7/20,171.330002,171.869995,171.070007,171.330002,171.330002,2137900
2017/7/21,171.570007,171.690002,170.660004,171.339996,171.339996,2419800
2017/7/24,171.5,171.880005,171.070007,171.369995,171.369995,2649600
2017/7/25,172.149994,173.369995,172.149994,172.940002,172.940002,2921100
2017/7/26,173,173.789993,172.5,173.020004,173.020004,2849500
2017/7/27,173.169998,173.179993,172.220001,173.050003,173.050003,3522600
2017/7/28,173.059998,174.339996,172.130005,174,174,2401800
2017/7/31,174.699997,175.600006,174.199997,174.970001,174.970001,3477000
2017/8/1,175.929993,176.380005,174.809998,176.289993,176.289993,2666000
2017/8/2,176.289993,177.919998,175.910004,177.850006,177.850006,3174500
2017/8/3,177.5,179,177.440002,178.990005,178.990005,2856200
2017/8/4,179.800003,179.990005,178.690002,179.919998,179.919998,2636600
2017/8/7,177.039993,178.410004,177.039993,178.039993,178.039993,3279200
2017/8/8,177.710007,178.289993,176.199997,176.429993,176.429993,2925000
2017/8/9,175.5,178.160004,175.050003,178.059998,178.059998,2804100
2017/8/10,177.130005,177.600006,176.259995,176.360001,176.360001,3084300
2017/8/11,176.320007,177.169998,175.270004,175.339996,175.339996,2580000
2017/8/14,176.75,177.729996,176.449997,177.289993,177.289993,2710100
2017/8/15,177.740005,178.149994,177.240005,177.470001,177.470001,2670000
2017/8/16,178.199997,178.970001,177.600006,178.539993,178.539993,2299200
2017/8/17,178.25,178.699997,177.160004,177.160004,177.160004,4189500
2017/8/18,176.570007,178.820007,176.270004,177.559998,177.559998,3586100
2017/8/21,177.619995,178.5,177.070007,178.339996,178.339996,2878400
2017/8/22,178.5,180.610001,178.460007,180.449997,180.449997,2928600
2017/8/23,179.25,180.520004,179,179.979996,179.979996,2444600
2017/8/24,179.979996,180,178.130005,178.429993,178.429993,3250100
2017/8/25,179,180.160004,178.860001,179.600006,179.600006,2284600
2017/8/28,179.770004,179.899994,178.020004,178.699997,178.699997,2986500
2017/8/29,177.720001,178.699997,177.199997,178.619995,178.619995,2499300
2017/8/30,178.710007,181.029999,178.509995,180.350006,180.350006,3303500
2017/8/31,180.350006,181.869995,180.25,181.160004,181.160004,4376300
2017/9/1,181.600006,181.970001,180.570007,180.729996,180.729996,2536800
2017/9/5,180.289993,180.289993,176.289993,176.979996,176.979996,4880700
2017/9/6,177.350006,177.869995,176.729996,176.789993,176.789993,4270300
2017/9/7,177.050003,177.479996,172.610001,173.990005,173.990005,4620600
2017/9/8,173.899994,175.820007,173.570007,175.5,175.5,3736400
2017/9/11,177.75,179.240005,177.330002,177.869995,177.869995,4107600
2017/9/12,178,178.720001,177.800003,178.630005,178.630005,2348500
2017/9/13,177.759995,179.149994,177.610001,178.919998,178.919998,2679400
2017/9/14,178.800003,179.160004,178.380005,178.570007,178.570007,3304100
2017/9/15,179.240005,180.360001,178.809998,179.889999,179.889999,9234800
2017/9/18,180.5,181.740005,180.270004,181.470001,181.470001,3698600
2017/9/19,181.5,183.009995,181.5,183.009995,183.009995,3159000
2017/9/20,183.300003,183.929993,182.460007,183.820007,183.820007,3742100
2017/9/21,183.320007,183.929993,183.029999,183.160004,183.160004,2369000
2017/9/22,182.630005,182.839996,181.300003,181.860001,181.860001,2688100
2017/9/25,181.990005,182.639999,180.800003,182.520004,182.520004,2424600
2017/9/26,182.550003,182.869995,181.740005,181.860001,181.860001,2382000
2017/9/27,182.869995,184,182.509995,183.270004,183.270004,2593900
2017/9/28,183.399994,183.949997,182.440002,183.210007,183.210007,1930800
2017/9/29,183.589996,183.679993,182.419998,183.320007,183.320007,2761600
2017/10/2,183.449997,185.470001,182.929993,185.410004,185.410004,2577500
2017/10/3,185.600006,186.509995,184.600006,185.669998,185.669998,3173900
2017/10/4,186.199997,186.669998,185.509995,185.830002,185.830002,2071300
2017/10/5,186.169998,188.039993,185.800003,187.119995,187.119995,2786100
2017/10/6,187.199997,187.619995,186.050003,187.429993,187.429993,2600600
2017/10/9,187.5,187.949997,186.639999,187.5,187.5,2036700
2017/10/10,187.460007,188.199997,187.160004,188,188,2212800
2017/10/11,187.399994,187.949997,186.479996,187.460007,187.460007,2750600
2017/10/12,187.699997,187.990005,185.970001,186.300003,186.300003,2640700
2017/10/13,186.770004,188,186.330002,187.369995,187.369995,2830200
2017/10/16,188,188.619995,187.570007,187.960007,187.960007,2316700
2017/10/17,187.960007,188,186.5,187.389999,187.389999,2273100
2017/10/18,187.75,188.130005,186.800003,187.850006,187.850006,2192900
2017/10/19,187.160004,187.5,186.429993,187.210007,187.210007,2831900
2017/10/20,187.75,189.039993,187.580002,189.039993,189.039993,2934900
2017/10/23,189.179993,189.720001,188.639999,189.389999,189.389999,2418200
2017/10/24,189.919998,190.679993,189.529999,189.779999,189.779999,2888600
2017/10/25,189.830002,190,187.660004,188.710007,188.710007,3394200
2017/10/26,189.649994,189.919998,187.830002,188.610001,188.610001,2740900
2017/10/27,188.320007,188.630005,187.050003,188.589996,188.589996,2978800
2017/10/30,188.020004,188.520004,187.350006,187.850006,187.850006,2473700
2017/10/31,188.059998,188.110001,186.410004,186.940002,186.940002,3290400
2017/11/1,188.100006,188.130005,186.729996,187.169998,187.169998,2727800
2017/11/2,186.75,188.779999,185.889999,188.610001,188.610001,3340900
2017/11/3,188.130005,188.550003,187.020004,187.270004,187.270004,2159900
2017/11/6,186.100006,187.570007,185.300003,186.679993,186.679993,2602600
2017/11/7,187.229996,188.190002,185.610001,186.300003,186.300003,2500600
2017/11/8,186.309998,186.889999,184.350006,184.600006,184.600006,4118800
2017/11/9,183.339996,184.679993,181.759995,184.490005,184.490005,3633000
2017/11/10,183.839996,184.070007,182.509995,183.679993,183.679993,3043300
2017/11/13,183.160004,184.850006,183.160004,184.399994,184.399994,1889900
2017/11/14,183.660004,184,182.5,183.339996,183.339996,3088000
2017/11/15,182.130005,182.899994,181.410004,181.809998,181.809998,4004500
2017/11/16,182.210007,183.050003,181.649994,182.050003,182.050003,3944000
2017/11/17,181.699997,181.940002,180.5,181.059998,181.059998,2715900
2017/11/20,181.429993,181.979996,180.440002,181.630005,181.630005,2428800
2017/11/21,181.779999,183.5,181.509995,183.179993,183.179993,3047000
2017/11/22,183.779999,183.779999,181.940002,182.559998,182.559998,3017000
2017/11/24,182.660004,182.979996,182.25,182.360001,182.360001,1038600
2017/11/27,182.740005,183.869995,182.410004,183.490005,183.490005,2985200
2017/11/28,184.100006,187.839996,184.020004,187.539993,187.539993,3721000
2017/11/29,188.199997,192,187.570007,189.850006,189.850006,4898000
2017/11/30,190.350006,193.809998,189.949997,193.009995,193.009995,6420400
2017/12/1,193.589996,194.990005,189.720001,194.559998,194.559998,5177300
2017/12/4,196.179993,199.479996,196.179993,196.960007,196.960007,4899500
2017/12/5,197.770004,197.990005,195.5,196.070007,196.070007,3411700
2017/12/6,196.059998,196.830002,194.800003,196.009995,196.009995,3315700
2017/12/7,195.910004,196.75,194.979996,196.339996,196.339996,2650700
2017/12/8,195.339996,197.279999,195.020004,196.440002,196.440002,3953400
2017/12/11,196.630005,197.179993,195.300003,196.699997,196.699997,3605000
2017/12/12,199.410004,199.919998,197,199.070007,199.070007,4343000
2017/12/13,198.559998,199.630005,197.350006,197.399994,197.399994,4151900
2017/12/14,198.119995,198.190002,195.940002,196.660004,196.660004,3593900
2017/12/15,198.240005,199.199997,197.229996,197.779999,197.779999,9169400
2017/12/18,199.5,200.259995,198.940002,199.339996,199.339996,4600100
2017/12/19,200.160004,200.5,197.679993,197.910004,197.910004,3645200
2017/12/20,199.389999,199.75,197.679993,197.789993,197.789993,3914300
2017/12/21,198.850006,199.559998,198.210007,198.889999,198.889999,3262400
2017/12/22,199.240005,199.679993,196.880005,197.919998,197.919998,3786800
2017/12/26,197.970001,198.570007,197.279999,197.570007,197.570007,1769600
2017/12/27,197.5,198.820007,197.279999,198.690002,198.690002,3343200
2017/12/28,199.339996,199.960007,198.820007,199.559998,199.559998,2340000
2017/12/29,200,200.070007,198.220001,198.220001,198.220001,3566000
2018/1/2,198.869995,198.869995,195.960007,197.220001,197.220001,4113000
2018/1/3,197,200,197,199.789993,199.789993,3526700
2018/1/4,200.899994,202.130005,200.009995,200.690002,200.690002,3900000
2018/1/5,201,201.669998,199.309998,201.419998,201.419998,4207600
2018/1/8,201.149994,203.070007,199.800003,202.740005,202.740005,3887900
2018/1/9,203.339996,204.399994,202.580002,203.020004,203.020004,3834900
2018/1/10,203,205.720001,202.5,205.610001,205.610001,3793100
2018/1/11,205.960007,207.279999,205.720001,206.690002,206.690002,3641500
2018/1/12,207.270004,210.389999,206.800003,210.160004,210.160004,4184400
2018/1/16,213.119995,214.029999,209.360001,210.289993,210.289993,6220000
2018/1/17,211.919998,214.5,211.139999,214.160004,214.160004,4600700
2018/1/18,215.669998,215.779999,213.059998,213.190002,213.190002,5141500
2018/1/19,213.449997,214.300003,212.110001,213.25,213.25,5140200
2018/1/22,213.289993,216.080002,213.25,215.970001,215.970001,3267200
2018/1/23,216.039993,216.350006,212.770004,215.559998,215.559998,3659100
2018/1/24,216.119995,216.889999,214.589996,215.610001,215.610001,4294200
2018/1/25,216.240005,216.5,214.279999,215.100006,215.100006,3088300
2018/1/26,215.520004,217.339996,215.149994,217.190002,217.190002,3640800
2018/1/29,217.149994,217.619995,215.190002,215.460007,215.460007,3021300
2018/1/30,214.970001,216.619995,214.100006,214.410004,214.410004,5040100
2018/1/31,214.990005,215.050003,213.369995,214.380005,214.380005,4626300
2018/2/1,214.490005,217.5,214.029999,217.25,217.25,4508900
2018/2/2,216.160004,216.580002,207.869995,209.119995,209.119995,6080600
2018/2/5,205.490005,207.100006,196,196.800003,196.800003,10746500
2018/2/6,193.149994,201.919998,190.179993,201.240005,201.240005,10663000
2018/2/7,202,204.479996,200,200.369995,200.369995,5758000
2018/2/8,200.369995,200.990005,191.039993,191.419998,191.419998,8044400
2018/2/9,195.679993,197.570007,189.300003,196.020004,196.020004,8931700
2018/2/12,198.509995,200.660004,196.139999,198.889999,198.889999,5128900
2018/2/13,197.580002,198.839996,195.919998,197.990005,197.990005,3967700
2018/2/14,197.039993,200.759995,195.990005,200.539993,200.539993,4348100
2018/2/15,202.380005,203.899994,200.309998,203.899994,203.899994,4357900
2018/2/16,203.990005,206.320007,203.160004,203.789993,203.789993,4382500
2018/2/20,203.339996,204.699997,202.350006,203.050003,203.050003,4116700
2018/2/21,202.5,205.220001,200.770004,201.020004,201.020004,4994400
2018/2/22,201.570007,203.279999,200.160004,200.729996,200.729996,4034000
2018/2/23,201.389999,202.970001,200.809998,202.759995,202.759995,4128400
2018/2/26,207.710007,211.139999,205.360001,210.619995,210.619995,8254100
2018/2/27,212,213.130005,209.649994,209.660004,209.660004,5903400
2018/2/28,211,211.539993,200.470001,207.199997,207.199997,5378300
2018/3/1,206.820007,208.570007,200.279999,201.529999,201.529999,6984000
2018/3/2,199.979996,201.970001,198.979996,201.339996,201.339996,5025500
2018/3/5,199.600006,204.130005,199.119995,203.240005,203.240005,4041100
2018/3/6,204.860001,204.860001,202.369995,204.550003,204.550003,3203300
2018/3/7,202.350006,204.830002,201.75,204.300003,204.300003,3622800
2018/3/8,204.320007,205.490005,203.029999,205.289993,205.289993,3084500
2018/3/9,206.949997,213.240005,206.25,212.940002,212.940002,5494300
2018/3/12,213.199997,213.360001,211.240005,211.820007,211.820007,4967000
2018/3/13,212.690002,213.039993,208.800003,209.130005,209.130005,4698200
2018/3/14,210.399994,210.399994,206.229996,206.990005,206.990005,4015400
2018/3/15,208.289993,209.320007,207.610001,207.820007,207.820007,4127200
2018/3/16,208.559998,208.970001,206.460007,206.960007,206.960007,5961800
2018/3/19,206.869995,207.059998,202.639999,203.990005,203.990005,4261300
2018/3/20,204.25,205.600006,203.800003,204.75,204.75,2939300
2018/3/21,205.380005,207.270004,204,204.830002,204.830002,3235600
2018/3/22,203.179993,203.190002,196.990005,197.630005,197.630005,7113400
2018/3/23,198,198.25,191.869995,192.460007,192.460007,7257000
2018/3/26,196.899994,199.570007,195.080002,199.339996,199.339996,5223700
2018/3/27,200.479996,201.440002,194.440002,196.149994,196.149994,5149200
2018/3/28,196.169998,198.720001,193.779999,196.669998,196.669998,4388800
2018/3/29,198.080002,201.009995,197.330002,199.479996,199.479996,5714600
2018/4/2,199.009995,199.610001,192.020004,195,195,6178200
2018/4/3,196,198.240005,193.910004,197.960007,197.960007,4192900
2018/4/4,194.020004,200.529999,194,200.110001,200.110001,4100700
2018/4/5,201.169998,202.770004,200.270004,200.850006,200.850006,4661300
2018/4/6,199.699997,199.850006,193.740005,195.490005,195.490005,5580600
2018/4/9,196.729996,198.630005,194.949997,195.330002,195.330002,3873100
2018/4/10,198.160004,199.699997,197.050003,197.800003,197.800003,3250500
2018/4/11,196.600006,197.039993,194.919998,195.220001,195.220001,3522100
2018/4/12,196.5,199.600006,196.289993,198.130005,198.130005,3707900
2018/4/13,199.600006,199.850006,196,197,197,3150900
2018/4/16,198.649994,199.949997,197.550003,198.220001,198.220001,3819000
2018/4/17,199.850006,200.660004,198.899994,199.270004,199.270004,4658300
2018/4/18,200.240005,200.940002,199.399994,199.509995,199.509995,2872900
2018/4/19,199.990005,201.479996,199.199997,200.380005,200.380005,2726500
2018/4/20,200.940002,201,198.919998,200.130005,200.130005,3705800
2018/4/23,200.220001,200.839996,198.520004,199.419998,199.419998,2672600
2018/4/24,199.869995,200.660004,195.229996,196.800003,196.800003,3718200
2018/4/25,196.179993,197.360001,194.410004,196.800003,196.800003,3204400
2018/4/26,196.630005,197.960007,196.240005,197.029999,197.029999,2388500
2018/4/27,196.929993,197.550003,195.830002,197.229996,197.229996,2558900
2018/4/30,197.389999,198.100006,193.619995,193.729996,193.729996,4247500
2018/5/1,193.759995,195.300003,192.75,195.110001,195.110001,3235000
2018/5/2,195.070007,195.070007,192.979996,193.309998,193.309998,3885500
2018/5/3,192.809998,192.990005,189.800003,191.610001,191.610001,5059400
2018/5/4,192.039993,196.240005,190.190002,195.639999,195.639999,4919100
2018/5/7,196,197.820007,195.759995,197.059998,197.059998,3692100
2018/5/8,197.399994,197.399994,194.699997,196.240005,196.240005,4189600
2018/5/9,197,200.050003,196.279999,199.869995,199.869995,3290600
2018/5/10,200.429993,201.289993,198.919998,201.199997,201.199997,2957300
2018/5/11,200.619995,202.410004,198.899994,199.300003,199.300003,3917700
2018/5/14,200,200.649994,198.660004,199.179993,199.179993,3264600
2018/5/15,198.789993,198.929993,196.179993,197.360001,197.360001,3380000
2018/5/16,196.860001,198.380005,196.399994,197.830002,197.830002,2927400
2018/5/17,197.740005,197.850006,196.619995,197.490005,197.490005,2604200
2018/5/18,197.520004,197.639999,195.770004,196.059998,196.059998,3137100
2018/5/21,197.770004,198.630005,197.009995,197.910004,197.910004,3005500
2018/5/22,198.020004,198.889999,197.179993,198.130005,198.130005,3162000
2018/5/23,197.399994,197.710007,194.949997,195.949997,195.949997,4036300
2018/5/24,196.059998,196.259995,193.919998,194.830002,194.830002,3206200
2018/5/25,193.889999,194.75,193.210007,194.149994,194.149994,3031000
2018/5/29,192.899994,193.110001,188.619995,189.869995,189.869995,8912100
2018/5/30,191.899994,194.899994,191.330002,194.100006,194.100006,4307600
2018/5/31,194.289993,194.289993,191.419998,191.529999,191.529999,5787500
2018/6/1,192.899994,193.380005,191.589996,192.229996,192.229996,3817800
2018/6/4,193,193.410004,191.25,191.300003,191.300003,4444500
2018/6/5,191.369995,191.399994,190.139999,190.770004,190.770004,4325000
2018/6/6,191.690002,194,191.570007,193.990005,193.990005,4017500
2018/6/7,194.660004,195.679993,193.75,195.570007,195.570007,4340300
2018/6/8,195.339996,196.399994,194.270004,196.009995,196.009995,3757800
2018/6/11,196.300003,196.740005,195.190002,195.330002,195.330002,3465600
2018/6/12,195.970001,195.990005,194.710007,195.270004,195.270004,3047000
2018/6/13,195.130005,196,194.259995,194.550003,194.550003,3704900
2018/6/14,194.919998,195,192.039993,192.5,192.5,4947200
2018/6/15,192.279999,192.5,190.520004,191.759995,191.759995,7341000
2018/6/18,190.639999,191.360001,189.910004,191.110001,191.110001,3773800
2018/6/19,190.050003,191.179993,189.350006,190.350006,190.350006,4035300
2018/6/20,190.470001,190.889999,189.199997,189.5,189.5,5234200
2018/6/21,189.050003,189.839996,187.970001,188.860001,188.860001,4977900
2018/6/22,190,190.479996,188.660004,188.910004,188.910004,5268000
2018/6/25,188.630005,188.830002,185.179993,186.729996,186.729996,6062400
2018/6/26,186.520004,187.619995,185.779999,186.440002,186.440002,4324600
2018/6/27,186.5,187.889999,184.75,184.910004,184.910004,4451600
2018/6/28,185.429993,187.940002,185.160004,187.089996,187.089996,4218500
2018/6/29,188.460007,189.279999,186.289993,186.649994,186.649994,5185700
2018/7/2,186.089996,188.100006,185.970001,187.830002,187.830002,3521000
2018/7/3,188.460007,188.729996,185.720001,186.020004,186.020004,2031200
2018/7/5,187.070007,187.630005,186.229996,187.5,187.5,3310200
2018/7/6,187.5,188.690002,186.520004,187.559998,187.559998,2818800
2018/7/9,188.110001,189.820007,187.820007,189.639999,189.639999,3504700
2018/7/10,189.75,190.619995,189.149994,189.899994,189.899994,2685500
2018/7/11,188.729996,190.639999,188.559998,189.910004,189.910004,3343100
2018/7/12,190.899994,190.990005,188.910004,189.960007,189.960007,3040600
2018/7/13,189.770004,191.289993,189.130005,190.960007,190.960007,2693700
2018/7/16,190.699997,192.229996,190.699997,192,192,2626700
2018/7/17,192,192.190002,190.270004,190.410004,190.410004,3725000
2018/7/18,195.5,201.399994,195.350006,200.440002,200.440002,10469600
2018/7/19,200.350006,200.960007,197.300003,197.490005,197.490005,4670800
2018/7/20,197,197.660004,196.460007,196.779999,196.779999,4073900
2018/7/23,196.25,198.869995,196.199997,197.850006,197.850006,3587600
2018/7/24,198.449997,199.960007,198.220001,198.460007,198.460007,3346600
2018/7/25,198.210007,198.210007,196.809998,197.610001,197.610001,3743100
2018/7/26,198.270004,198.990005,197.279999,197.460007,197.460007,3766100
2018/7/27,198,198.899994,197.179993,197.949997,197.949997,3939400
2018/7/30,197.800003,199.910004,197.800003,199.089996,199.089996,3988300
2018/7/31,199,199.539993,197.059998,197.869995,197.869995,4911700
2018/8/1,198.800003,199.699997,197.320007,197.850006,197.850006,4004600
2018/8/2,197.199997,198.759995,196.770004,198.059998,198.059998,3269900
2018/8/3,198.5,200.419998,198.119995,200.240005,200.240005,5028000
2018/8/6,204.889999,208.110001,204.619995,206.059998,206.059998,6673100
2018/8/7,207.5,209.940002,207.149994,208.720001,208.720001,6160100
2018/8/8,208.809998,209.710007,208.429993,208.940002,208.940002,3869000
2018/8/9,209,209.649994,208.720001,209.100006,209.100006,4685700
2018/8/10,207.300003,207.770004,205.589996,206.630005,206.630005,4383100
2018/8/13,206.630005,207.009995,205.039993,205.169998,205.169998,3837900
2018/8/14,205.300003,206.479996,204.899994,205.830002,205.830002,2774500
2018/8/15,205.009995,205.490005,203.570007,204.5,204.5,3547200
2018/8/16,205.389999,207.619995,204.600006,207.559998,207.559998,3576500
2018/8/17,207.570007,208.470001,206.919998,208.139999,208.139999,2749900
2018/8/20,208.429993,209.539993,207.830002,208.460007,208.460007,2527300
2018/8/21,208.809998,209.350006,208.100006,208.490005,208.490005,2665300
2018/8/22,207.630005,207.970001,206.960007,207.330002,207.330002,2454600
2018/8/23,207.580002,207.789993,206.660004,207.240005,207.240005,2363000
2018/8/24,207.75,208.160004,207.330002,207.979996,207.979996,2415700
2018/8/27,208.559998,210.75,208.520004,210.509995,210.509995,3166700
2018/8/28,210.880005,211.199997,210.009995,210.770004,210.770004,2885200
2018/8/29,211,211.320007,210.179993,211.270004,211.270004,3176900
2018/8/30,211.080002,211.300003,209.669998,209.75,209.75,4737900
2018/8/31,210,210.300003,208.100006,208.720001,208.720001,4526200
2018/9/4,209.210007,210.100006,208.039993,210.050003,210.050003,2775800
2018/9/5,209.809998,212.460007,209.490005,212.259995,212.259995,3708900
2018/9/6,211.600006,213.399994,211.570007,212.880005,212.880005,3601800
2018/9/7,212.5,214.470001,212.5,214.039993,214.039993,4050100
2018/9/10,215,216.270004,214.419998,215.110001,215.110001,4137200
2018/9/11,214.039993,215.869995,212.759995,215.100006,215.100006,3601500
2018/9/12,214.539993,215.429993,214.149994,214.589996,214.589996,3463200
2018/9/13,215.020004,215.419998,214.169998,214.889999,214.889999,4071600
2018/9/14,215.5,216.509995,215.300003,216.369995,216.369995,3279000
2018/9/17,216.990005,217.130005,215.729996,216.289993,216.289993,3076900
2018/9/18,216.300003,218.5,216.300003,218.300003,218.300003,3576600
2018/9/19,218.220001,221.320007,217.800003,220.949997,220.949997,4288000
2018/9/20,221.779999,223,221.300003,221.679993,221.679993,5340200
2018/9/21,222.130005,222.690002,220.130005,220.520004,220.520004,13363200
2018/9/24,220.479996,220.679993,217.910004,218.130005,218.130005,4539500
2018/9/25,218.429993,218.979996,217.410004,218.050003,218.050003,3280300
2018/9/26,218.050003,218.419998,215.770004,216.110001,216.110001,4122100
2018/9/27,216.740005,217.679993,215.229996,216.699997,216.699997,3053500
2018/9/28,216.380005,216.380005,213.860001,214.110001,214.110001,4482500
2018/10/1,215.919998,216.139999,213.940002,214.779999,214.779999,2993000
2018/10/2,214.429993,215.539993,214.039993,215.289993,215.289993,2934800
2018/10/3,215.75,217.779999,215.5,216.399994,216.399994,3275100
2018/10/4,216.429993,219,216.360001,218.970001,218.970001,4428500
2018/10/5,219.699997,220.399994,218.690002,219.460007,219.460007,4075700
2018/10/8,219.160004,222.759995,219.020004,222.059998,222.059998,5641200
2018/10/9,221.850006,223.940002,221.009995,223.759995,223.759995,4516500
2018/10/10,224,224.070007,212.539993,213.100006,213.100006,7922100
2018/10/11,209.899994,211.089996,203.279999,205.190002,205.190002,8322700
2018/10/12,210.039993,210.600006,204,206.800003,206.800003,5734700
2018/10/15,207.460007,207.460007,204.669998,205.029999,205.029999,4541100
2018/10/16,206.660004,210.779999,205.919998,209.830002,209.830002,4776200
2018/10/17,209.830002,211.669998,207.309998,210.520004,210.520004,3807800
2018/10/18,210,211.270004,207.320007,208.699997,208.699997,3144900
2018/10/19,208.490005,210.75,207.800003,209.830002,209.830002,4814500
2018/10/22,210.770004,210.770004,206.029999,206.190002,206.190002,3252400
2018/10/23,203.100006,205.25,201.880005,204,204,4705700
2018/10/24,202.770004,203.690002,199.570007,199.809998,199.809998,4705900
2018/10/25,200.729996,203.429993,200.139999,201.979996,201.979996,4571900
2018/10/26,199.009995,200.690002,197.289993,198.490005,198.490005,6734600
2018/10/29,201.229996,203.610001,197.929993,200.039993,200.039993,4936400
2018/10/30,199.649994,203.759995,198.699997,203.350006,203.350006,6054300
2018/10/31,205.210007,208.070007,204.5,205.279999,205.279999,5663000
2018/11/1,205.600006,206.279999,204.320007,205.860001,205.860001,3895100
2018/11/2,207.5,208.710007,203.389999,206.570007,206.570007,5060000
2018/11/5,213.509995,217.509995,212.960007,216.240005,216.240005,7667600
2018/11/6,216.75,218.740005,216.460007,218.509995,218.509995,3879800
2018/11/7,219.990005,221.550003,217.559998,221.240005,221.240005,4741900
2018/11/8,221.240005,223.520004,220.550003,222.419998,222.419998,4166000
2018/11/9,221.669998,221.990005,218.300003,219.630005,219.630005,3971700
2018/11/12,219.960007,220.190002,215,215.419998,215.419998,3355200
2018/11/13,215.610001,219.149994,215.179993,217.919998,217.919998,4089600
2018/11/14,219.5,220.720001,213.800003,216.029999,216.029999,4409100
2018/11/15,214.830002,217.570007,212.139999,217.380005,217.380005,4258800
2018/11/16,217,220.5,215.460007,218.410004,218.410004,4347900
2018/11/19,218.279999,218.729996,215.259995,217.940002,217.940002,4321000
2018/11/20,215.309998,215.990005,210.419998,210.710007,210.710007,7680900
2018/11/21,211.300003,213.740005,210.529999,210.860001,210.860001,2840700
2018/11/23,209.25,209.990005,207.029999,207.070007,207.070007,2274000
2018/11/26,209.300003,211,208.639999,210.630005,210.630005,3973900
2018/11/27,209.820007,212.839996,209.509995,212.529999,212.529999,4050600
2018/11/28,213,217.639999,212.440002,217.5,217.5,4013400
2018/11/29,215.850006,219.380005,215.800003,217.699997,217.699997,3960900
2018/11/30,217.229996,219.080002,216.929993,218.240005,218.240005,5153200
2018/12/3,221.979996,223.589996,218.949997,220.809998,220.809998,5153200
2018/12/4,220.130005,220.279999,209.710007,210.119995,210.119995,7689800
2018/12/6,207.050003,208.119995,202.919998,207.960007,207.960007,8386700
2018/12/7,208.139999,210.850006,203.570007,204.880005,204.880005,5483500
2018/12/10,204.100006,204.740005,198.490005,203.259995,203.259995,5593700
2018/12/11,206.119995,206.889999,200.509995,202.279999,202.279999,4483700
2018/12/12,205,205.589996,202.279999,202.479996,202.479996,4164200
2018/12/13,202,203.559998,201.509995,202.419998,202.419998,4508000
2018/12/14,200.960007,201.75,199.580002,200,200,4995200
2018/12/17,199.770004,202.199997,197.100006,197.919998,197.919998,5991600
2018/12/18,199.649994,200.339996,194.440002,196.520004,196.520004,6593100
2018/12/19,196.509995,201.309998,193.330002,195.169998,195.169998,6278800
2018/12/20,194.009995,195.369995,191.110001,193.580002,193.580002,8976100
2018/12/21,192.220001,197.800003,191.570007,192.100006,192.100006,14907700
2018/12/24,190.699997,191.639999,187.110001,187.759995,187.759995,5020600
2018/12/26,188.649994,197.929993,186.100006,197.570007,197.570007,7158200
2018/12/27,195.600006,200.119995,191.899994,200.119995,200.119995,7386800
2018/12/28,200.720001,204.740005,200.199997,202.080002,202.080002,5420600
2018/12/31,204.229996,205.009995,201,204.179993,204.179993,5451900
2019/1/2,201.729996,204.399994,201.149994,202.800003,202.800003,4802100
2019/1/3,199.970001,200.220001,191.039993,191.660004,191.660004,8540600
2019/1/4,194.850006,196.690002,193.880005,195.199997,195.199997,6611200
2019/1/7,196.389999,198.279999,195.369995,196.910004,196.910004,5423000
2019/1/8,198.990005,199.080002,194.660004,196.309998,196.309998,4476800
2019/1/9,197.300003,197.679993,194.949997,196.369995,196.369995,3607500
2019/1/10,195.509995,197.899994,194.960007,196.580002,196.580002,3627700
2019/1/11,195.660004,196.649994,194.5,196.289993,196.289993,3535200
2019/1/14,194.779999,196.440002,194.460007,195.779999,195.779999,3954300
2019/1/15,195.789993,197.25,195.199997,196.940002,196.940002,3206700
2019/1/16,197.639999,199.570007,197.240005,198.410004,198.410004,5069600
2019/1/17,197.699997,199.410004,196.460007,198.779999,198.779999,4161000
2019/1/18,200.699997,204.729996,200.240005,204.479996,204.479996,5941200
2019/1/22,203.520004,204.960007,199.139999,200.720001,200.720001,5397700
2019/1/23,200.720001,201.309998,198.5,201.149994,201.149994,3705400
2019/1/24,199.75,201.600006,199.75,201.020004,201.020004,4074800
2019/1/25,203.050003,204.740005,201.020004,202.75,202.75,3823300
2019/1/28,201.490005,201.75,199.809998,200.949997,200.949997,3718000
2019/1/29,200.919998,202.149994,200.5,202.050003,202.050003,2815400
2019/1/30,203.309998,207.589996,203.050003,205.960007,205.960007,4519900
2019/1/31,204.679993,208.009995,203.639999,205.539993,205.539993,8676200
2019/2/1,206.520004,209.300003,206.199997,209.190002,209.190002,5992600
2019/2/4,209.160004,209.399994,207.050003,208.520004,208.520004,3730900
2019/2/5,209.100006,209.160004,206.529999,207.820007,207.820007,4243700
2019/2/6,207.240005,207.240005,205.100006,206.009995,206.009995,3708800
2019/2/7,204.529999,204.990005,200.570007,201.729996,201.729996,4908700
2019/2/8,200.820007,201.199997,198.210007,200.919998,200.919998,4666700
2019/2/11,201.690002,203.330002,201.320007,203.050003,203.050003,3600100
2019/2/12,204.940002,206.669998,204.869995,206.149994,206.149994,3517900
2019/2/13,206.960007,208.080002,205.410004,205.800003,205.800003,3326900
2019/2/14,204.639999,204.639999,201.600006,202.779999,202.779999,3627300
2019/2/15,204.860001,205.789993,204.070007,205.289993,205.289993,5044700
2019/2/19,205.100006,206.320007,204.679993,205.690002,205.690002,3204000
2019/2/20,205.779999,206.919998,204.940002,206.160004,206.160004,3309300
2019/2/21,206.270004,206.860001,204.350006,205.330002,205.330002,3661400
2019/2/22,204.25,204.589996,199.919998,201.910004,201.910004,5575000
2019/2/25,201.699997,205,201.220001,202.309998,202.309998,5146500
2019/2/26,202.399994,202.649994,201.300003,201.899994,201.899994,4892500
2019/2/27,201.720001,202.300003,201.25,202.289993,202.289993,4247200
2019/2/28,202.679993,202.940002,201.110001,201.300003,201.300003,3619000
2019/3/1,203.149994,203.839996,201.839996,203.130005,203.130005,3529400
2019/3/4,203.089996,204.869995,200.580002,201.809998,201.809998,4640300
2019/3/5,201.759995,202,200.580002,201.470001,201.470001,5268400
2019/3/6,201.610001,202.300003,200.570007,200.669998,200.669998,3216600
2019/3/7,200.580002,200.580002,197.990005,199.300003,199.300003,5105700
2019/3/8,197.910004,198.940002,197.029999,198.699997,198.699997,3755200
2019/3/11,199.619995,202.300003,199.470001,202.089996,202.089996,3999300
2019/3/12,202.660004,203.729996,202.229996,202.5,202.5,3756100
2019/3/13,203,205.360001,202.660004,204.059998,204.059998,3693600
2019/3/14,203.259995,204.360001,202.679993,203.380005,203.380005,3084200
2019/3/15,204.080002,206.160004,203.860001,204.309998,204.309998,7738700
2019/3/18,204.669998,206.949997,204.669998,206.679993,206.679993,3964600
2019/3/19,207.75,207.75,204.559998,205.149994,205.149994,3881500
2019/3/20,205.429993,205.449997,202.979996,203.270004,203.270004,4053100
2019/3/21,202.919998,204.699997,201.910004,204.429993,204.429993,4182300
2019/3/22,203.279999,204.009995,200.059998,200.550003,200.550003,5872400
2019/3/25,200.830002,201.979996,198.199997,199.440002,199.440002,4113100
2019/3/26,200.830002,201.320007,198.699997,200.619995,200.619995,3737800
2019/3/27,200.720001,201.199997,198.229996,199.210007,199.210007,3619200
2019/3/28,199.399994,200.75,198.399994,200.660004,200.660004,3233600
2019/3/29,201.339996,201.699997,200.029999,200.889999,200.889999,4619400
2019/4/1,202.160004,205.300003,202,205,205,4671600
2019/4/2,204.910004,205.429993,203.589996,203.880005,203.880005,2599500
2019/4/3,205.460007,205.699997,202.899994,203.669998,203.669998,2864500
2019/4/4,203.259995,204.940002,202.789993,204.100006,204.100006,2436500
2019/4/5,204.119995,205.529999,203.100006,205.330002,205.330002,3363500
2019/4/8,205.139999,205.639999,203.970001,205.25,205.25,2624000
2019/4/9,204.839996,204.970001,203.589996,204.919998,204.919998,2589700
2019/4/10,205.119995,205.229996,203.600006,204.520004,204.520004,2632200
2019/4/11,204.759995,207.089996,204.270004,206.669998,206.669998,2988300
2019/4/12,208.080002,211.669998,207.580002,210.559998,210.559998,4778900
2019/4/15,210.520004,210.550003,207.759995,209.740005,209.740005,2587500
2019/4/16,210.149994,211.839996,210,211.800003,211.800003,2644800
2019/4/17,212.389999,212.490005,209.679993,210.369995,210.369995,2883000
2019/4/18,210.960007,211.429993,209.729996,209.990005,209.990005,2590900
2019/4/22,209.5,210.369995,208.880005,209.490005,209.490005,1929100
2019/4/23,209.5,211.880005,208.889999,211.610001,211.610001,3475400
2019/4/24,211.550003,212.020004,210.229996,210.570007,210.570007,3208500
2019/4/25,209.619995,212.669998,209.339996,211.949997,211.949997,3152100
2019/4/26,211.850006,214.220001,211.809998,214.220001,214.220001,3155400
2019/4/29,214.919998,217.220001,214.600006,216.580002,216.580002,3467600
2019/4/30,217.320007,217.320007,214.699997,216.710007,216.710007,3611100
2019/5/1,217.220001,218.789993,216.490005,216.710007,216.710007,3769200
2019/5/2,217.190002,217.699997,215.169998,215.929993,215.929993,2646700
2019/5/3,217.139999,219.160004,216.869995,218.600006,218.600006,3382600
2019/5/6,214.690002,215.509995,211.539993,213.160004,213.160004,5657200
2019/5/7,211.339996,211.600006,207.410004,209.429993,209.429993,5266700
2019/5/8,208.259995,211.720001,207.600006,209.289993,209.289993,3838200
2019/5/9,207.339996,208.919998,204.389999,208.559998,208.559998,4251300
2019/5/10,207.889999,209.289993,204.309998,209.020004,209.020004,4075700
2019/5/13,204.960007,205.910004,204.300003,205.009995,205.009995,5185800
2019/5/14,205.669998,206.820007,203.449997,203.690002,203.690002,4005200
2019/5/15,202.789993,204.130005,201.389999,202.979996,202.979996,4024300
2019/5/16,203.899994,206.660004,203.899994,204.630005,204.630005,3074000
2019/5/17,203,205.460007,202.449997,203.270004,203.270004,4614600
2019/5/20,202.639999,203.179993,201.75,202.729996,202.729996,2645300
2019/5/21,203.160004,203.990005,202.5,203.360001,203.360001,2664400
2019/5/22,202.720001,203.490005,201.699997,202.600006,202.600006,2775700
2019/5/23,200.800003,202.179993,199.320007,201.300003,201.300003,4737400
2019/5/24,202.119995,202.119995,200.789993,201.690002,201.690002,3314300
2019/5/28,202.050003,202.410004,199.520004,199.699997,199.699997,6914900
2019/5/29,198.949997,199.490005,197.339996,198.520004,198.520004,4625700
2019/5/30,199.059998,200.210007,198.759995,199.740005,199.740005,3646300
2019/5/31,198.320007,198.830002,197.080002,197.419998,197.419998,3685200
2019/6/3,197.619995,198.919998,196.889999,198.559998,198.559998,3979000
2019/6/4,200.630005,201.649994,199.570007,201.589996,201.589996,4112600
2019/6/5,202.380005,203.350006,200.910004,203.300003,203.300003,3210600
2019/6/6,202.899994,205.389999,202.539993,204.770004,204.770004,3005200
2019/6/7,204.949997,206.539993,204.800003,205.809998,205.809998,2672700
2019/6/10,207.119995,208.080002,206.460007,207.160004,207.160004,2865500
2019/6/11,208.5,208.990005,206,206.630005,206.630005,2545700
2019/6/12,206.199997,206.600006,203.919998,204.570007,204.570007,2835900
2019/6/13,204.460007,205.759995,204.300003,204.990005,204.990005,2257600
2019/6/14,204.869995,205.850006,203.850006,205.160004,205.160004,2512400
2019/6/17,205.850006,205.850006,203.160004,203.479996,203.479996,2820000
2019/6/18,204.470001,206.460007,203.979996,206.009995,206.009995,3670700
2019/6/19,206.360001,208.309998,206.139999,206.75,206.75,3320600
2019/6/20,208.509995,208.75,206.039993,208.039993,208.039993,3836900
2019/6/21,208.429993,208.720001,206.029999,206.210007,206.210007,5994400
2019/6/24,206.389999,207.589996,205.960007,206.850006,206.850006,3164000
2019/6/25,207.410004,208.479996,206.800003,208.070007,208.070007,3727400
2019/6/26,208.279999,210,208.210007,208.509995,208.509995,3937800
2019/6/27,208.970001,212.539993,208.809998,212.020004,212.020004,4182500
2019/6/28,213,213.330002,211.320007,213.169998,213.169998,7472400
2019/7/1,214.25,215.210007,213.210007,214.619995,214.619995,3462600
2019/7/2,214.380005,215.589996,213.399994,214.539993,214.539993,3054400
2019/7/3,215,215.25,212.660004,215.160004,215.160004,2489100
2019/7/5,215.130005,215.770004,213.899994,215.25,215.25,3324200
2019/7/8,214,215.800003,213.910004,215.130005,215.130005,2978400
2019/7/9,213.020004,214.919998,212.970001,214.75,214.75,2687000
2019/7/10,215.210007,216.580002,213.770004,214.029999,214.029999,3705000
2019/7/11,214.309998,214.550003,212.979996,213.169998,213.169998,3119600
2019/7/12,213.199997,214.190002,212.509995,214.100006,214.100006,2360500
2019/7/15,214.440002,214.440002,212.820007,213.539993,213.539993,2715300
2019/7/16,214.289993,215.039993,212.779999,212.880005,212.880005,2709300
2019/7/17,212.520004,212.960007,207.410004,207.449997,207.449997,4324400
2019/7/18,207.520004,209.089996,207.119995,207.979996,207.979996,3610600
2019/7/19,208.110001,208.25,205.649994,205.970001,205.970001,3513100
2019/7/22,205.339996,206.160004,204.360001,204.839996,204.839996,3083900
2019/7/23,205.509995,206.630005,204.919998,206.460007,206.460007,2846200
2019/7/24,205.740005,208.009995,205.630005,207.970001,207.970001,3105200
2019/7/25,208.369995,208.369995,206.529999,207.899994,207.899994,3022200
2019/7/26,207.820007,210.029999,206.75,209.899994,209.899994,3654600
2019/7/29,210,210,208.419998,208.610001,208.610001,2834100
2019/7/30,207.889999,208.360001,206.860001,207.809998,207.809998,1977500
2019/7/31,207.800003,209.5,205.300003,205.429993,205.429993,4631800
2019/8/1,205.630005,206.979996,201.490005,201.710007,201.710007,4823100
2019/8/2,201.789993,204.429993,199.419998,202.669998,202.669998,5695300
2019/8/5,199.899994,201.100006,197.160004,197.729996,197.729996,7606200
2019/8/6,199.610001,200.929993,197.899994,200.550003,200.550003,5500500
2019/8/7,198.559998,199.300003,195.399994,198.210007,198.210007,5325600
2019/8/8,199.929993,200.869995,198.119995,200.520004,200.520004,4143400
2019/8/9,200.190002,200.550003,197.669998,199.050003,199.050003,4334400
2019/8/12,197.610001,199.470001,196.910004,197.179993,197.179993,2538800
2019/8/13,197.460007,201,196.5,198.779999,198.779999,3913600
2019/8/14,195.779999,197.25,195.610001,195.809998,195.809998,5838200
2019/8/15,197.080002,199.039993,196.380005,198.309998,198.309998,4642900
2019/8/16,200.5,200.880005,198.550003,199.720001,199.720001,4786200
2019/8/19,202.720001,203.100006,200.380005,200.940002,200.940002,4216500
2019/8/20,200.270004,200.289993,198.020004,198.149994,198.149994,4043000
2019/8/21,199.009995,199.770004,198.710007,199.240005,199.240005,3531800
2019/8/22,199.800003,201.869995,199.800003,201.009995,201.009995,3214300
2019/8/23,200.190002,200.919998,195.960007,197.160004,197.160004,5946700
2019/8/26,198.699997,200.199997,197.440002,200.199997,200.199997,3094900
2019/8/27,200.759995,201.300003,198.039993,198.350006,198.350006,3069000
2019/8/28,198.020004,200.570007,197.529999,200.449997,200.449997,3404900
2019/8/29,201.710007,203.800003,201.660004,203.199997,203.199997,3328100
2019/8/30,204.020004,204.350006,202.729996,203.410004,203.410004,3632000
2019/9/3,201.190002,201.830002,200.190002,200.899994,200.899994,3637000
2019/9/4,202.729996,202.940002,201.300003,202.190002,202.190002,3209100
2019/9/5,204.130005,206.220001,203.770004,204.240005,204.240005,3968800
2019/9/6,204.440002,205.149994,203.860001,204.729996,204.729996,3409400
2019/9/9,205.509995,207.800003,205.199997,206.619995,206.619995,4565000
2019/9/10,207.309998,208.309998,206.130005,208.309998,208.309998,3878300
2019/9/11,208.270004,210.929993,207.529999,210.910004,210.910004,4437300
2019/9/12,211,212.679993,210.720001,211.369995,211.369995,4598400
2019/9/13,212.240005,214.580002,212.220001,213.610001,213.610001,4244700
2019/9/16,212.059998,212.100006,209.940002,210.330002,210.330002,3472600
2019/9/17,210.350006,211.160004,208.679993,210.149994,210.149994,3862700
2019/9/18,209.889999,211.320007,209.119995,210.899994,210.899994,2732800
2019/9/19,210.779999,211.440002,208.899994,209.220001,209.220001,2735500
2019/9/20,210.369995,210.369995,207.270004,208.119995,208.119995,10700800
2019/9/23,207.020004,208.529999,206.399994,207.960007,207.960007,3075800
2019/9/24,208.169998,208.889999,205.740005,206.399994,206.399994,3709800
2019/9/25,206.5,209.440002,206.229996,208.110001,208.110001,3291900
2019/9/26,208.190002,208.190002,206.350006,206.899994,206.899994,2823000
2019/9/27,207.729996,208.639999,206.539993,207.449997,207.449997,2843500
2019/9/30,207.770004,208.699997,207.529999,208.020004,208.020004,3167500
2019/10/1,208.940002,209.660004,206.440002,206.710007,206.710007,3511800
2019/10/2,206.089996,206.089996,202.380005,203.100006,203.100006,5938500
2019/10/3,202.649994,205.089996,201.330002,204.979996,204.979996,4307600
2019/10/4,205.089996,208.279999,205.050003,208.080002,208.080002,3571900
2019/10/7,207.360001,209.600006,206.190002,207.240005,207.240005,2720600
2019/10/8,205.619995,206.139999,203.929993,204.089996,204.089996,4185500
2019/10/9,204.940002,207.229996,204.729996,206.690002,206.690002,3206900
2019/10/10,206.369995,208.190002,206.080002,206.860001,206.860001,2979200
2019/10/11,208.970001,210.080002,207.729996,208.080002,208.080002,4408400
2019/10/14,208.009995,208.070007,206.929993,207.910004,207.910004,1902600
2019/10/15,207.729996,210.149994,207.570007,209.380005,209.380005,3055400
2019/10/16,208.369995,209.970001,208.369995,209.289993,209.289993,3233900
2019/10/17,209.259995,209.979996,208.509995,208.619995,208.619995,3575400
2019/10/18,208.449997,209.619995,208.199997,208.759995,208.759995,3581400
2019/10/21,210,211.539993,209.759995,211.490005,211.490005,3337300
2019/10/22,211.029999,211.970001,210.470001,210.619995,210.619995,2716800
2019/10/23,210.5,211.009995,209.539993,210.960007,210.960007,2413800
2019/10/24,211.160004,211.320007,209.720001,210.259995,210.259995,3147200
2019/10/25,209.869995,212.330002,209.75,211.800003,211.800003,2539200
2019/10/28,212.309998,213.339996,212.139999,212.860001,212.860001,3521900
2019/10/29,212.380005,213.169998,211.610001,213.009995,213.009995,2630400
2019/10/30,212.990005,213.429993,211.669998,213.25,213.25,3296900
2019/10/31,213.009995,213.710007,211.539993,212.580002,212.580002,4305500
2019/11/1,213.550003,216.630005,213.399994,215.830002,215.830002,4777800
2019/11/4,217.770004,218.619995,216.979996,217.979996,217.979996,4149200
2019/11/5,218.690002,221.679993,218.429993,220.880005,220.880005,5321800
2019/11/6,221.089996,222.029999,220.110001,222,222,3662900
2019/11/7,222.809998,223.369995,221.669998,222.740005,222.740005,4394900
2019/11/8,222.75,223,219.889999,221.309998,221.309998,3346100
2019/11/11,220.199997,221.089996,219.869995,220.850006,220.850006,2380400
2019/11/12,220.979996,222.190002,220.539993,220.889999,220.889999,2657700
2019/11/13,219.720001,220.270004,218.610001,219.770004,219.770004,3190700
2019/11/14,219.770004,219.869995,217.910004,219.360001,219.360001,2831200
2019/11/15,220.179993,220.429993,218.740005,219.740005,219.740005,3477000
2019/11/18,219.949997,220.050003,218.389999,219.350006,219.350006,3894200
2019/11/19,219.929993,220,218.779999,219.029999,219.029999,3378100
2019/11/20,218.009995,218.369995,216.009995,217.479996,217.479996,4966000
2019/11/21,217.300003,217.710007,216.300003,216.630005,216.630005,3707600
2019/11/22,216.960007,217.990005,216.800003,217.960007,217.960007,2392800
2019/11/25,218.740005,219.389999,218.259995,219.059998,219.059998,3648500
2019/11/26,219.110001,219.199997,217.720001,218.899994,218.899994,3717800
2019/11/27,219.25,220.589996,218.479996,220.5,220.5,3945500
2019/11/29,220.5,220.580002,219.830002,220.300003,220.300003,2256500
2019/12/2,220.600006,221.380005,220.110001,220.330002,220.330002,3888100
2019/12/3,218.820007,218.899994,216.399994,218.080002,218.080002,4480100
2019/12/4,217.949997,218.880005,217.539993,218.399994,218.399994,2667700
2019/12/5,218.990005,219.75,218.050003,219.600006,219.600006,2319300
2019/12/6,221.639999,223,221.330002,222.610001,222.610001,3447700
2019/12/9,222.710007,223.300003,221.190002,221.380005,221.380005,2601000
2019/12/10,222.070007,222.070007,220.210007,221.259995,221.259995,2688900
2019/12/11,221.210007,222.649994,221.009995,222.570007,222.570007,3546600
2019/12/12,222.880005,226.520004,222.529999,225.919998,225.919998,5121900
2019/12/13,225.919998,226.5,223.960007,225.369995,225.369995,3160500
2019/12/16,226.770004,227.809998,226.289993,226.850006,226.850006,4278800
2019/12/17,227.270004,228.229996,226.550003,227.050003,227.050003,4867400
2019/12/18,227.059998,227.199997,224.889999,225.009995,225.009995,5962300
2019/12/19,224.660004,225.660004,224.160004,225.210007,225.210007,4432600
2019/12/20,226.240005,227.800003,225.559998,226.309998,226.309998,11572200
2019/12/23,226.610001,226.669998,224.929993,225.479996,225.479996,3504100
2019/12/24,225.240005,225.649994,224.880005,225.470001,225.470001,961100
2019/12/26,225.919998,226.509995,225.639999,226.449997,226.449997,1725700
2019/12/27,226.860001,226.970001,225.570007,226.139999,226.139999,2769400
2019/12/30,226.139999,226.600006,224.669998,225.759995,225.759995,2769700
2019/12/31,226.160004,226.720001,225.139999,226.5,226.5,3145200
2020/1/2,227.509995,228.389999,226.710007,228.389999,228.389999,3764000
2020/1/3,225.690002,227.429993,225.479996,226.179993,226.179993,3023900
2020/1/6,224.990005,227.130005,224.699997,226.990005,226.990005,4263000
2020/1/7,227.259995,227.259995,225.440002,225.919998,225.919998,3517000
2020/1/8,226.029999,227.839996,225.869995,225.990005,225.990005,3780300
2020/1/9,226.919998,228.850006,226.919998,228.649994,228.649994,3497300
2020/1/10,228.5,228.529999,226.589996,226.619995,226.619995,2572900
2020/1/13,227.050003,228.470001,226.130005,228.449997,228.449997,3286700
2020/1/14,227.850006,228.389999,226.880005,227.169998,227.169998,3355400
2020/1/15,226.800003,228.639999,226.779999,228.350006,228.350006,2662500
2020/1/16,229.339996,230.029999,228.520004,229.729996,229.729996,3036400
2020/1/17,230.130005,231.610001,229.550003,230.199997,230.199997,6603800
2020/1/21,229.850006,231.130005,227.949997,228.630005,228.630005,5840700
2020/1/22,229,230.380005,228.410004,229.539993,229.539993,3164300
2020/1/23,229.429993,229.770004,227.350006,229.380005,229.380005,4750000
2020/1/24,229.399994,229.410004,226.039993,226.860001,226.860001,4022500
2020/1/27,223.699997,223.899994,221.110001,222.449997,222.449997,5454000
2020/1/28,223.440002,225.350006,223.160004,224.029999,224.029999,3609300
2020/1/29,224.75,226.399994,224.309998,224.5,224.5,2310400
2020/1/30,223.110001,228.080002,222.479996,227.880005,227.880005,3350900
2020/1/31,226.490005,226.970001,223.429993,224.429993,224.429993,3948200
2020/2/3,225.479996,226.320007,223,223.470001,223.470001,3525000
2020/2/4,226.149994,226.940002,224.789993,225.080002,225.080002,3642600
2020/2/5,226.910004,228.679993,226.75,228.649994,228.649994,3360500
2020/2/6,229.559998,230.080002,228.529999,229.610001,229.610001,2799400
2020/2/7,228.070007,228.619995,226.669998,227.380005,227.380005,2882800
2020/2/10,227.169998,227.75,225.130005,227.110001,227.110001,2944600
2020/2/11,228.589996,228.589996,227.020004,227.330002,227.330002,2916400
2020/2/12,227.600006,228.839996,226.910004,227.440002,227.440002,3785200
2020/2/13,226.529999,227.399994,226.100006,226.470001,226.470001,2838500
2020/2/14,226.490005,227.139999,225.520004,226.800003,226.800003,2506200
2020/2/18,226.389999,227.380005,225.270004,226.770004,226.770004,3153000
2020/2/19,227.679993,229.710007,226.929993,229.240005,229.240005,3187000
2020/2/20,229.759995,229.789993,227.149994,228.169998,228.169998,3547700
2020/2/21,227.529999,230.070007,226.979996,229.330002,229.330002,4699100
2020/2/24,221.309998,223.940002,220.270004,221.690002,221.690002,7932400
2020/2/25,222.199997,223.240005,216.759995,218.050003,218.050003,8558600
2020/2/26,219.649994,220.630005,215.940002,216.059998,216.059998,6901700
2020/2/27,212.899994,214.380005,207.279999,207.669998,207.669998,10941800
2020/2/28,201.919998,206.440002,199.679993,206.339996,206.339996,15147200
2020/3/2,207.25,218.800003,204.429993,217.630005,217.630005,10395800
2020/3/3,217.389999,218.149994,206.199997,208.809998,208.809998,10716100
2020/3/4,212.139999,218.339996,209.259995,217.860001,217.860001,7408700
2020/3/5,212.550003,212.75,207.009995,208.960007,208.960007,8112700
2020/3/6,203.479996,207.410004,202.350006,205.979996,205.979996,9443500
2020/3/9,195,198.479996,192.259995,193.130005,193.130005,13950500
2020/3/10,201.350006,202.860001,195.050003,202.729996,202.729996,10929200
2020/3/11,197.320007,198.130005,192.869995,194.639999,194.639999,9573900
2020/3/12,183.600006,187.669998,175,175.970001,175.970001,22293800
2020/3/13,187.449997,196.5,178.410004,196.399994,196.399994,14859100
2020/3/16,174,188.380005,173.619995,177.770004,177.770004,14168600
2020/3/17,181.880005,187.809998,177,187.600006,187.600006,15072400
2020/3/18,177.289993,181.389999,167,172.440002,172.440002,16669300
2020/3/19,170.210007,176.179993,166,174.679993,174.679993,12488100
2020/3/20,176.300003,177.179993,167.289993,170.059998,170.059998,15213600
2020/3/23,165.300003,166.690002,159.5,162.130005,162.130005,16501500
2020/3/24,170.910004,179.139999,169.529999,178.199997,178.199997,14075100
2020/3/25,180.009995,189.070007,175.169998,180.470001,180.470001,13851200
2020/3/26,181.289993,184.960007,179.589996,183.899994,183.899994,14131400
2020/3/27,178.5,184.240005,176.720001,179.660004,179.660004,10259500
2020/3/30,180.039993,184.110001,178,183.179993,183.179993,7672600
2020/3/31,182.050003,186.169998,180.570007,182.830002,182.830002,8996800
2020/4/1,176.179993,178.669998,174.190002,175.949997,175.949997,8682700
2020/4/2,175,180.309998,174.229996,179.729996,179.729996,7271900
2020/4/3,178.589996,180.220001,175.440002,178.339996,178.339996,6643700
2020/4/6,184.610001,186.410004,180.490005,185.240005,185.240005,9935500
2020/4/7,191.990005,192,184.899994,185.25,185.25,8148200
2020/4/8,187.550003,191.419998,185.139999,191.009995,191.009995,6109900
2020/4/9,194,197.229996,191.449997,193.839996,193.839996,10519600
2020/4/13,193.850006,193.850006,186.080002,188.770004,188.770004,7888600
2020/4/14,193.320007,194.160004,190.820007,192.940002,192.940002,7032000
2020/4/15,188.559998,189.589996,187.470001,188.570007,188.570007,6138300
2020/4/16,188.899994,188.990005,185.800003,187.960007,187.960007,6228200
2020/4/17,192.889999,192.899994,189.020004,191.199997,191.199997,8272200
2020/4/20,188.720001,189.350006,187.300003,188.75,188.75,6474700
2020/4/21,184.169998,185.779999,183.279999,183.479996,183.479996,5882500
2020/4/22,186.460007,187.369995,185.339996,186.580002,186.580002,5470000
2020/4/23,186.990005,187.350006,184.5,185.630005,185.630005,6211900
2020/4/24,187.080002,187.279999,184.419998,186.520004,186.520004,5205500
2020/4/27,187.779999,189.369995,186.350006,187.460007,187.460007,6622400
2020/4/28,190.539993,191,187,187.119995,187.119995,6674600
2020/4/29,190.639999,192.679993,188.929993,189.610001,189.610001,7645000
2020/4/30,188.300003,189.869995,186.710007,187.360001,187.360001,8217800
2020/5/1,185.210007,185.889999,181.639999,182.669998,182.669998,7513700
2020/5/4,179.779999,180.360001,176.339996,177.949997,177.949997,9448600
2020/5/5,180.050003,180.229996,175.929993,176.029999,176.029999,9016300
2020/5/6,176.940002,177.039993,172.339996,172.380005,172.380005,9003000
2020/5/7,173.399994,175.380005,173.050003,173.479996,173.479996,6698000
2020/5/8,176.710007,177.259995,174.279999,176.830002,176.830002,5793600
2020/5/11,175.229996,175.960007,173.610001,174.639999,174.639999,9235700
2020/5/12,175.199997,175.710007,172.729996,172.809998,172.809998,6470900
2020/5/13,172,172.610001,169.440002,170.570007,170.570007,10258900
2020/5/14,168.800003,171.399994,167.039993,170.929993,170.929993,7013600
2020/5/15,169.820007,170.660004,168.520004,169.25,169.25,5937500
2020/5/18,174,176.869995,172.309998,175.460007,175.460007,7458900
2020/5/19,174.119995,174.869995,172.339996,172.490005,172.490005,5574800
2020/5/20,174.610001,176.869995,174.289993,176.020004,176.020004,5455600
2020/5/21,175.740005,176.649994,174.470001,174.940002,174.940002,4059900
2020/5/22,174.860001,175.119995,173.210007,174.929993,174.929993,3584800
2020/5/26,179.990005,181.690002,178.679993,180.339996,180.339996,7107600
2020/5/27,184.669998,185.979996,183.800003,185.770004,185.770004,7410500
2020/5/28,187.240005,187.279999,183.919998,185.100006,185.100006,6313100
2020/5/29,183.080002,185.869995,182.529999,185.580002,185.580002,10630200
2020/6/1,185.529999,185.710007,183.190002,183.839996,183.839996,5718800
2020/6/2,183.990005,186.440002,183.990005,185.940002,185.940002,5803000
2020/6/3,188.75,191.619995,187.809998,190.820007,190.820007,6706700
2020/6/4,190.410004,192.110001,189.690002,192.050003,192.050003,5809800
2020/6/5,197.880005,201.490005,196.220001,200.660004,200.660004,10390400
2020/6/8,202.339996,203.330002,199.559998,201.559998,201.559998,6695100
2020/6/9,197.149994,198.789993,195.830002,196.070007,196.070007,7711800
2020/6/10,195.850006,196.339996,191.369995,191.509995,191.509995,7337400
2020/6/11,185,186.929993,177.929993,178.020004,178.020004,15372400
2020/6/12,184.020004,184.020004,178.220001,181.210007,181.210007,9476800
2020/6/15,177,181.770004,176.050003,181.550003,181.550003,8105200
2020/6/16,186.550003,186.699997,179.75,182.300003,182.300003,9407600
2020/6/17,183.029999,183.149994,180.110001,180.860001,180.860001,6448500
2020/6/18,179.899994,181.360001,179.039993,180.729996,180.729996,4920900
2020/6/19,183.5,183.880005,179.009995,179.720001,179.720001,8767900
2020/6/22,179.550003,181.800003,178.869995,180.169998,180.169998,5816900
2020/6/23,181.869995,182.389999,180.399994,181.009995,181.009995,6378100
2020/6/24,179.610001,179.649994,177.259995,177.529999,177.529999,8081200
2020/6/25,176.580002,179.720001,176.059998,178.850006,178.850006,6380000
2020/6/26,176.710007,178.699997,174.630005,175.369995,175.369995,14772100
2020/6/29,175.899994,177.220001,175.330002,177.190002,177.190002,5218200
2020/6/30,176.75,179.119995,176.509995,178.509995,178.509995,6763800
2020/7/1,178.410004,180.449997,177.339996,177.990005,177.990005,4619800
2020/7/2,180.449997,180.940002,178.240005,178.830002,178.830002,5163100
2020/7/6,183.100006,183.520004,181.589996,182.720001,182.720001,6443300
2020/7/7,182.020004,182.490005,180.600006,181.149994,181.149994,4952100
2020/7/8,180.419998,182.309998,179.770004,181.199997,181.199997,5547800
2020/7/9,181.789993,181.880005,177.770004,178.800003,178.800003,5420600
2020/7/10,178.259995,182.960007,178.089996,182.899994,182.899994,5482300
2020/7/13,183.809998,185.820007,183.309998,184.130005,184.130005,7885600
2020/7/14,182.419998,190.080002,182.419998,189.710007,189.710007,14683400
2020/7/15,192.639999,193.050003,188.75,190.559998,190.559998,7558200
2020/7/16,188.320007,191.929993,188.320007,191.009995,191.009995,4771300
2020/7/17,191.770004,192.119995,190.470001,190.759995,190.759995,5186800
2020/7/20,190.020004,191.229996,189.479996,190.479996,190.479996,4089400
2020/7/21,190.399994,193.449997,190.399994,192.270004,192.270004,5256300
2020/7/22,191.779999,192.240005,190.630005,192.100006,192.100006,4182700
2020/7/23,191.710007,193.389999,191.479996,193.25,193.25,6036800
2020/7/24,193.25,196.279999,193.050003,194.520004,194.520004,5140800
2020/7/27,193.830002,193.990005,191.770004,192.139999,192.139999,4309100
2020/7/28,190.899994,194.460007,190.610001,194.119995,194.119995,4412300
2020/7/29,194.029999,196.669998,193.729996,196.410004,196.410004,4067300
2020/7/30,193.429993,194.570007,192.25,194.300003,194.300003,4819600
2020/7/31,195.059998,196,193.330002,195.779999,195.779999,5936500
2020/8/3,197.279999,200.679993,196,199.259995,199.259995,6251000
2020/8/4,198.970001,200.309998,198.110001,200.240005,200.240005,3838800
2020/8/5,201.440002,204.690002,201,203.619995,203.619995,5184500
2020/8/6,203,205.389999,202.699997,205.020004,205.020004,3380700
2020/8/7,204.199997,209.75,204,209.479996,209.479996,6186000
2020/8/10,211.339996,212.919998,209.399994,212.580002,212.580002,6633800
2020/8/11,214.740005,215.600006,212.240005,212.660004,212.660004,5688200
2020/8/12,213.100006,214.389999,212.309998,213.240005,213.240005,4791900
2020/8/13,212.929993,213.330002,211.660004,211.979996,211.979996,4535600
2020/8/14,211.039993,211.970001,210.25,210.960007,210.960007,3441500
2020/8/17,210.050003,210.820007,206.339996,206.779999,206.779999,5484400
2020/8/18,206.949997,209.759995,206.800003,208.330002,208.330002,3500100
2020/8/19,209.190002,210.210007,206.660004,207.210007,207.210007,5829000
2020/8/20,205.169998,206.789993,204.509995,206.119995,206.119995,4133800
2020/8/21,205.520004,208.399994,205.520004,207.429993,207.429993,4785300
2020/8/24,209.229996,213.300003,208.910004,212.610001,212.610001,5039500
2020/8/25,213.559998,214,212.850006,213.350006,213.350006,3675900
2020/8/26,212.979996,215.830002,212.300003,214.660004,214.660004,4639000
2020/8/27,214.990005,217.979996,214.759995,216.869995,216.869995,4814200
2020/8/28,217.509995,218.809998,215.729996,218.550003,218.550003,4290400
2020/8/31,218.619995,219.449997,217.649994,218.039993,218.039993,6131900
2020/9/1,216.919998,218.589996,216.619995,218.550003,218.550003,4134300
2020/9/2,218.130005,222.089996,218.130005,221.679993,221.679993,5493900
2020/9/3,222,223.240005,216.429993,218.149994,218.149994,7084700
2020/9/4,219.949997,221.479996,215.059998,218.320007,218.320007,6041400
2020/9/8,217.279999,219.190002,215.339996,217.800003,217.800003,7001200
2020/9/9,218.949997,221.619995,218.520004,219.630005,219.630005,5417000
2020/9/10,220.539993,220.679993,217.149994,217.800003,217.800003,3837300
2020/9/11,218,219.270004,216.919998,217.929993,217.929993,3437100
2020/9/14,219,221.320007,218.300003,219.940002,219.940002,4068800
2020/9/15,220.080002,221.570007,218.449997,218.940002,218.940002,3855800
2020/9/16,220.279999,222.259995,219.190002,219.589996,219.589996,5658400
2020/9/17,218.460007,218.679993,216.5,218.050003,218.050003,6940800
2020/9/18,219.080002,221.009995,217.830002,218.210007,218.210007,11862200
2020/9/21,214,215.449997,208.729996,213.020004,213.020004,8341400
2020/9/22,212.539993,214.75,211.699997,214.160004,214.160004,5289400
2020/9/23,213.940002,214.880005,209.380005,209.610001,209.610001,4421200
2020/9/24,209.139999,210.229996,206.580002,208.720001,208.720001,3962000
2020/9/25,207,211.110001,206.820007,210.449997,210.449997,3562400
2020/9/28,213.220001,215.470001,212.020004,213.539993,213.539993,5042800
2020/9/29,213.589996,213.589996,210.240005,210.440002,210.440002,4036900
2020/9/30,211.110001,213.699997,210.75,212.940002,212.940002,5821800
2020/10/1,214.300003,214.389999,210.619995,212.020004,212.020004,4758500
2020/10/2,209.839996,213.679993,209.529999,211.179993,211.179993,4420000
2020/10/5,213.089996,213.899994,212.050003,212.360001,212.360001,3648500
2020/10/6,212.649994,213.479996,209.649994,210.259995,210.259995,5313600
2020/10/7,212.330002,214.669998,211.360001,213.289993,213.289993,3758500
2020/10/8,214.389999,215.690002,213.440002,215.149994,215.149994,3611100
2020/10/9,215.880005,216.289993,214.160004,215.679993,215.679993,3090700
2020/10/12,216.740005,217.429993,215.119995,216.410004,216.410004,3902000
2020/10/13,215.759995,216.380005,212,212.309998,212.309998,4848700
2020/10/14,212.020004,212.350006,210.539993,210.910004,210.910004,5026300
2020/10/15,209.270004,211.990005,208.220001,211.649994,211.649994,3063200
2020/10/16,211.839996,213.830002,211.809998,211.910004,211.910004,3630400
2020/10/19,212.160004,212.320007,208.199997,208.990005,208.990005,3410900
2020/10/20,209.630005,211.449997,209.410004,210.059998,210.059998,3888500
2020/10/21,208.970001,211.380005,208.610001,210.179993,210.179993,3192000
2020/10/22,209.630005,211.779999,209.229996,211.610001,211.610001,2949900
2020/10/23,212.429993,213.869995,211.729996,212.710007,212.710007,2830800
2020/10/26,209.639999,210.259995,207,208.490005,208.490005,4714100
2020/10/27,208,208.479996,206.580002,206.880005,206.880005,3037800
2020/10/28,202.679993,203.880005,199.789993,200.699997,200.699997,7533600
2020/10/29,200.029999,202.960007,197.809998,201.509995,201.509995,5224400
2020/10/30,200.509995,202.270004,198.699997,201.899994,201.899994,5754000
2020/11/2,204.839996,206.179993,203.059998,204.309998,204.309998,5937500
2020/11/3,206.929993,209.800003,206.360001,206.630005,206.630005,5469900
2020/11/4,206.589996,210.149994,204.779999,206.169998,206.169998,5974400
2020/11/5,208.690002,210.860001,206.970001,207.449997,207.449997,5933800
2020/11/6,208.449997,210.259995,207.589996,208.850006,208.850006,4305600
2020/11/9,221.970001,225.229996,218.009995,221.5,221.5,11340800
2020/11/10,221.820007,228.610001,220.940002,228.479996,228.479996,7057300
2020/11/11,228.5,228.979996,225.470001,227.369995,227.369995,4786100
2020/11/12,225.009995,225.880005,223.179993,224.720001,224.720001,5109800
2020/11/13,226.5,228.149994,225.289993,227.419998,227.419998,4789500
2020/11/16,230.580002,233.460007,229.860001,233.100006,233.100006,5766600
2020/11/17,231.929993,234.970001,230.009995,233.160004,233.160004,5038400
2020/11/18,233.570007,234.479996,230,230.070007,230.070007,4740600
2020/11/19,229.669998,229.970001,227.619995,229.529999,229.529999,4621800
2020/11/20,228.779999,229.720001,226.770004,227.009995,227.009995,4027300
2020/11/23,229.770004,230.5,228.039993,229.539993,229.539993,3630100
2020/11/24,232.449997,234.990005,231.240005,233.919998,233.919998,4712500
2020/11/25,233.919998,234,232.009995,233.130005,233.130005,3249600
2020/11/27,233.100006,234.169998,230.449997,231.550003,231.550003,1935800
2020/11/30,231.190002,231.289993,228.169998,228.910004,228.910004,5989000
2020/12/1,230.229996,231.979996,229.339996,229.679993,229.679993,4442400
2020/12/2,229.800003,230.589996,228.309998,230.419998,230.419998,4679100
2020/12/3,230,231.5,228.869995,231.020004,231.020004,4694500
2020/12/4,230.240005,231.889999,230.240005,231.350006,231.350006,4749600
2020/12/7,231.259995,231.259995,228.100006,229.240005,229.240005,4649300
2020/12/8,227.460007,228.740005,226.610001,228.190002,228.190002,4587200
2020/12/9,228.570007,228.899994,226.639999,227.509995,227.509995,4873800
2020/12/10,226.449997,227.869995,225.729996,227.350006,227.350006,4567400
2020/12/11,225.199997,226.729996,224.600006,226.389999,226.389999,4028100
2020/12/14,227.679993,228.059998,222.360001,222.850006,222.850006,6541600
2020/12/15,224.830002,225.860001,222.729996,224.380005,224.380005,5168000
2020/12/16,225.479996,225.479996,221.820007,221.910004,221.910004,7537400
2020/12/17,222.509995,225.020004,221.669998,224.679993,224.679993,7388000
2020/12/18,224.789993,225.199997,221.679993,223.429993,223.429993,20663300
2020/12/21,222.020004,224.199997,221.259995,223.490005,223.490005,7372500
2020/12/22,223.580002,223.75,221.759995,221.880005,221.880005,6157300
2020/12/23,222.630005,224.910004,222.610001,224.240005,224.240005,4983900
2020/12/24,224.600006,227.130005,224.210007,226.529999,226.529999,2387000
2020/12/28,228.089996,230.149994,227.360001,228.410004,228.410004,3505500
2020/12/29,230.5,231.100006,229.100006,229.570007,229.570007,3799500
2020/12/30,229.539993,230.589996,229.080002,229.649994,229.649994,3257400
2020/12/31,229.279999,232.279999,228.889999,231.869995,231.869995,4228100
2021/1/4,231.729996,231.869995,226.850006,228.449997,228.449997,7404900
2021/1/5,228.210007,230.100006,226.850006,227.470001,227.470001,5524900
2021/1/6,229.490005,232.679993,227.550003,230.270004,230.270004,9009400
2021/1/7,232.779999,233.960007,231.330002,232.880005,232.880005,4691600
2021/1/8,233.539993,234.600006,231.720001,234.029999,234.029999,4850400
2021/1/11,231.220001,233.919998,231.020004,233.429993,233.429993,3882000
2021/1/12,233.309998,233.979996,231.699997,233.029999,233.029999,5616600
2021/1/13,232,234.949997,231.710007,234.509995,234.509995,3827500
2021/1/14,234.789993,235.699997,233.839996,235.020004,235.020004,4528700
2021/1/15,234.100006,234.589996,231.910004,233.490005,233.490005,5225000
2021/1/19,234.639999,236.240005,231.699997,234.550003,234.550003,5502100
2021/1/20,234,235.199997,233.240005,234.759995,234.759995,4876200
2021/1/21,235.220001,236.199997,234.080002,234.160004,234.160004,4317300
2021/1/22,232.5,233.830002,232.210007,232.919998,232.919998,4465000
2021/1/25,231.669998,233.520004,230.449997,233.009995,233.009995,5097700
2021/1/26,233,233.5,231.330002,231.570007,231.570007,3944800
2021/1/27,230,230,226.100006,227.360001,227.360001,8227100
2021/1/28,229.759995,233.509995,228.160004,230.949997,230.949997,5943500
2021/1/29,229.449997,229.970001,227.210007,227.869995,227.869995,6387300
2021/2/1,229.970001,230.5,228.039993,229.320007,229.320007,4068200
2021/2/2,231.210007,233.429993,230.669998,232.240005,232.240005,5300300
2021/2/3,232.399994,233.160004,231.279999,232.679993,232.679993,3805600
2021/2/4,232.839996,235.910004,232.410004,235.770004,235.770004,4438400
2021/2/5,236.979996,236.979996,234.830002,235.160004,235.160004,3812200
2021/2/8,236,237.559998,235.350006,237.419998,237.419998,3327300
2021/2/9,237.070007,240.779999,235.660004,239.910004,239.910004,4773400
2021/2/10,241.429993,241.520004,239.039993,239.919998,239.919998,3822600
2021/2/11,239.360001,240.440002,238.880005,239.759995,239.759995,2908500
2021/2/12,238.070007,242.759995,238.029999,242.460007,242.460007,3421800
2021/2/16,244.139999,247.259995,242.820007,245.279999,245.279999,4722200
2021/2/17,244.139999,246.190002,244,245.25,245.25,3909500
2021/2/18,244.729996,245.490005,241.669998,243.5,243.5,4031000
2021/2/19,244.199997,244.949997,241.360001,241.850006,241.850006,4252400
2021/2/22,240.889999,245.979996,240.800003,244.970001,244.970001,4009100
2021/2/23,245.559998,246.570007,243.289993,245.529999,245.529999,5454900
2021/2/24,245.149994,249.550003,245.149994,248.449997,248.449997,5105900
2021/2/25,248.070007,250.559998,242.929993,243.690002,243.690002,6455200
2021/2/26,245.149994,245.149994,240.25,240.509995,240.509995,8085300
2021/3/1,246.860001,250.550003,246.089996,249.210007,249.210007,6332300
2021/3/2,249.119995,251.339996,248.369995,249.220001,249.220001,4684500
2021/3/3,249.729996,254.809998,249.289993,251.550003,251.550003,6088300
2021/3/4,251.080002,252.550003,243.229996,245.479996,245.479996,7827000
2021/3/5,248.889999,253.449997,247.330002,253.149994,253.149994,6397000
2021/3/8,255.600006,260.230011,253.729996,257.609985,257.609985,7124300
2021/3/9,258.549988,262.940002,255.610001,259.019989,259.019989,8259300
2021/3/10,260.299988,267.5,259.640015,263.98999,263.98999,8939300
2021/3/11,264.220001,264.799988,260.420013,260.910004,260.910004,5917600
2021/3/12,262.399994,264.649994,259.670013,260.019989,260.019989,4495400
2021/3/15,260.309998,260.440002,253.520004,254.610001,254.610001,6973400
2021/3/16,254.529999,254.529999,249.820007,251.5,251.5,67200
2021/3/17,252.020004,254.279999,250.660004,252,252,67700
2021/3/18,253.759995,255.639999,251.380005,252.460007,252.460007,5547300
2021/3/19,252.309998,252.5,248.520004,250.990005,250.990005,16635400
2021/3/22,250.600006,251.669998,248.860001,250.360001,250.360001,5370400
2021/3/23,250.199997,251.169998,247.710007,248.309998,248.309998,4622400
2021/3/24,249.550003,251.889999,248.5,249.630005,249.630005,4165000
2021/3/25,249.380005,251.529999,246.789993,250.75,250.75,5500000
2021/3/26,252.75,257.390015,252.419998,256.769989,256.769989,5799100
2021/3/29,253.929993,260.049988,253.300003,258.820007,258.820007,6642600
2021/3/30,259.940002,261,257.23999,258.190002,258.190002,3878000
2021/3/31,256.859985,257.679993,255.169998,255.470001,255.470001,6578100
2021/4/1,255.740005,258.470001,254.800003,258.200012,258.200012,5573400
2021/4/5,260.019989,263.350006,260,262.660004,262.660004,5049600
2021/4/6,262.859985,263.339996,261.940002,263.059998,263.059998,3060600
2021/4/7,262.98999,264.339996,262.399994,263.619995,263.619995,3582700
2021/4/8,262.720001,263.929993,261.910004,263.51001,263.51001,3113300
2021/4/9,264.220001,266.23999,263.350006,266.01001,266.01001,6052500
2021/4/12,266.529999,268.339996,266.529999,267.929993,267.929993,4292900
2021/4/13,267.420013,268.200012,266.049988,267.100006,267.100006,3556600
2021/4/14,267.309998,268.440002,267.149994,267.529999,267.529999,3119900
2021/4/15,268.059998,269.279999,266.390015,269.140015,269.140015,3919200
2021/4/16,270.470001,272.970001,270.109985,272.109985,272.109985,4710300
2021/4/19,272.299988,272.920013,268.850006,270.279999,270.279999,4235500
2021/4/20,268.529999,269.309998,266.799988,267.890015,267.890015,3740800
2021/4/21,267.799988,272.459991,267.75,272.209991,272.209991,3897100
2021/4/22,272.040009,272.079987,268.779999,269.51001,269.51001,3732100
2021/4/23,269.859985,272.690002,269.559998,271.980011,271.980011,3684100
2021/4/26,272.279999,273.980011,270.630005,270.859985,270.859985,3569100
2021/4/27,271.070007,274.160004,270.049988,273.649994,273.649994,3173400
2021/4/28,273.540009,273.959991,272.130005,272.950012,272.950012,3176000
2021/4/29,274.470001,277.790009,274.350006,277.600006,277.600006,4540300
2021/4/30,276.290009,277.410004,274.209991,274.950012,274.950012,5212400
2021/5/3,278.549988,281.119995,277.670013,279.179993,279.179993,5184000
2021/5/4,278.540009,280.799988,276.779999,280.26001,280.26001,4465500
2021/5/5,282.519989,284.23999,282.119995,282.76001,282.76001,4348100
2021/5/6,284.690002,290,284.049988,289.709991,289.709991,5962900
2021/5/7,289.970001,291.070007,287.769989,290.929993,290.929993,6099200
2021/5/10,292.350006,295.079987,292.070007,292.329987,292.329987,4537800
2021/5/11,289.839996,290.51001,284.290009,285.630005,285.630005,6813500
2021/5/12,285.459991,286.119995,282.549988,282.910004,282.910004,5308800
2021/5/13,282.910004,288.369995,282.850006,286.899994,286.899994,5244100
2021/5/14,288.670013,291.380005,288.670013,290.679993,290.679993,4260600
2021/5/17,289.98999,290.470001,288.070007,289.220001,289.220001,3883300
2021/5/18,290.200012,290.309998,287.23999,287.589996,287.589996,4356300
2021/5/19,284.109985,286.559998,282.570007,286.220001,286.220001,5271300
2021/5/20,288.410004,289.140015,285.899994,286.730011,286.730011,4141600
2021/5/21,287.119995,289.350006,286.75,287.73999,287.73999,4230700
2021/5/24,289.109985,290.410004,287.910004,289.730011,289.730011,3973300
2021/5/25,290.190002,291.600006,287.109985,287.200012,287.200012,4752300
2021/5/26,289.640015,289.640015,285.75,287.329987,287.329987,4756300
2021/5/27,288.570007,289.98999,286.570007,289.299988,289.299988,6602100
2021/5/28,289.679993,290.459991,288.230011,289.440002,289.440002,4522500
2021/6/1,291.519989,292.070007,288.809998,289.839996,289.839996,3335800
2021/6/2,290.850006,290.899994,289.220001,290.019989,290.019989,3517100
2021/6/3,288.359985,293.269989,288.279999,291.970001,291.970001,4099400
2021/6/4,292.910004,293.079987,291.450012,292.519989,292.519989,3271100
2021/6/7,292.559998,292.579987,288.839996,289.459991,289.459991,4441000
2021/6/8,289.179993,289.899994,285.700012,289.190002,289.190002,5035900
2021/6/9,288.880005,289.089996,287.049988,288.579987,288.579987,3501800
2021/6/10,289.880005,290.809998,284.679993,284.910004,284.910004,4039200
2021/6/11,285.450012,287.359985,285.019989,286.820007,286.820007,3524200
2021/6/14,286.660004,286.850006,281.519989,283.529999,283.529999,6100500
2021/6/15,284.459991,284.959991,282.649994,283.940002,283.940002,3758700
2021/6/16,283.730011,284.799988,281.079987,283.109985,283.109985,5626800
2021/6/17,284.290009,284.5,277.559998,278.690002,278.690002,7134200
2021/6/18,276.5,276.980011,272.459991,274.040009,274.040009,12565800
2021/6/21,275.619995,278.850006,275.429993,277.100006,277.100006,5482700
2021/6/22,277.570007,277.709991,275.929993,276.920013,276.920013,5224700
2021/6/23,276.890015,277,274.549988,274.660004,274.660004,4533100
2021/6/24,275,276.579987,274.049988,275.48999,275.48999,5453900
2021/6/25,276.369995,279.309998,275.350006,278.380005,278.380005,5577100
2021/6/28,278.820007,279.059998,275.600006,276.609985,276.609985,4024600
2021/6/29,276.690002,277.980011,275.25,276.209991,276.209991,4470500
2021/6/30,275.890015,278.440002,275.660004,277.920013,277.920013,4474100
2021/7/1,278.200012,280.299988,277.549988,280.170013,280.170013,3647200
2021/7/2,281.410004,281.410004,278.570007,279.119995,279.119995,3682800
2021/7/6,278.279999,278.279999,275.100006,277.320007,277.320007,4401500
2021/7/7,275.98999,279.690002,275.799988,279.23999,279.23999,4412600
2021/7/8,276.98999,277.73999,273.160004,274.100006,274.100006,5370500
2021/7/9,276.029999,280.880005,275.73999,280.48999,280.48999,4896000
2021/7/12,279.049988,282.220001,278.269989,280.109985,280.109985,4282500
2021/7/13,280.109985,280.410004,278.359985,279.209991,279.209991,3136300
2021/7/14,279.070007,280.76001,277.769989,278.309998,278.309998,4108000
2021/7/15,277.130005,280.640015,277.089996,279.720001,279.720001,3274700
2021/7/16,280.929993,280.929993,277.220001,277.899994,277.899994,3436100
2021/7/19,274.209991,275.5,270.730011,272.660004,272.660004,5231900
2021/7/20,272.660004,277.809998,272,276.890015,276.890015,4737000
2021/7/21,277.640015,280.920013,277.630005,279.880005,279.880005,3435900
2021/7/22,278.589996,279.269989,277.420013,277.700012,277.700012,2565700
2021/7/23,279.049988,279.920013,277.73999,278.48999,278.48999,3217500
2021/7/26,277.779999,280.25,277.779999,278.799988,278.799988,2423800
2021/7/27,278.070007,281.089996,276.910004,280.779999,280.779999,3390300
2021/7/28,280.799988,280.980011,277.600006,278.100006,278.100006,3794000
2021/7/29,279.290009,281.23999,279.079987,279.76001,279.76001,3543600
2021/7/30,280.01001,281.079987,277.600006,278.290009,278.290009,3607400
2021/8/2,279.309998,281.980011,277.730011,278.140015,278.140015,3091200
2021/8/3,279.049988,282.51001,276.769989,281.799988,281.799988,3630600
2021/8/4,280.170013,280.920013,278.640015,278.779999,278.779999,3024600
2021/8/5,280.160004,282,278.329987,280.209991,280.209991,3584900
2021/8/6,281.820007,285.829987,281.5,285.630005,285.630005,4831900
2021/8/9,287.859985,288.730011,286.059998,287.230011,287.230011,3676500
2021/8/10,287.01001,289.059998,286,288.940002,288.940002,3134100
2021/8/11,289.450012,291.820007,288.829987,291.279999,291.279999,3475100
2021/8/12,291.809998,291.809998,288.929993,290.23999,290.23999,3170300
2021/8/13,290.609985,291.049988,287.119995,287.890015,287.890015,3115200
2021/8/16,287,289.48999,285.209991,289.450012,289.450012,3562300
2021/8/17,288.529999,290.769989,287.600006,289.100006,289.100006,3626300
2021/8/18,289,290.070007,285.950012,286.359985,286.359985,3880500
2021/8/19,284.959991,287.149994,283.980011,285.130005,285.130005,3393100
2021/8/20,284.959991,285.920013,283.950012,285.269989,285.269989,2846100
2021/8/23,287.380005,287.380005,285.390015,285.619995,285.619995,2956500
2021/8/24,286.01001,286.579987,284.179993,286.019989,286.019989,3185000
2021/8/25,286.200012,288.559998,285.220001,287.299988,287.299988,2973300
2021/8/26,288.160004,288.170013,284.98999,285.269989,285.269989,3340300
2021/8/27,285.619995,286.709991,285.119995,286.600006,286.600006,3484400
2021/8/30,286.299988,287.040009,285.019989,285.660004,285.660004,3505200
2021/8/31,285.279999,286.329987,284.76001,285.769989,285.769989,6497800
2021/9/1,286.589996,287.140015,284.850006,285.26001,285.26001,3323200
2021/9/2,285.350006,286.440002,284.209991,285.049988,285.049988,3969800
2021/9/3,284.299988,284.820007,281.709991,281.890015,281.890015,4495100
2021/9/7,281.910004,281.910004,278.730011,278.899994,278.899994,4863900
2021/9/8,278.179993,279.950012,277.589996,279.339996,279.339996,4646800
2021/9/9,278.910004,280.109985,278.369995,278.609985,278.609985,3683700
2021/9/10,279.970001,279.970001,277.48999,277.600006,277.600006,4552300
2021/9/13,278.359985,280.839996,277.820007,279.920013,279.920013,4601900
2021/9/14,280.540009,280.779999,276.359985,277.200012,277.200012,5283200
2021/9/15,277.600006,279.059998,276.670013,278.179993,278.179993,3883500
2021/9/16,278.959991,279.209991,276.209991,277.51001,277.51001,4210000
2021/9/17,277.640015,281,275.420013,276.76001,276.76001,15863300
2021/9/20,273.049988,274.910004,271.359985,274.200012,274.200012,7644000
2021/9/21,276.029999,276.220001,272.589996,273.179993,273.179993,4648400
2021/9/22,276.279999,276.609985,273.670013,274.070007,274.070007,5018400
2021/9/23,275.149994,279.700012,275.01001,278.119995,278.119995,4731600
2021/9/24,278.299988,279.130005,277.410004,277.869995,277.869995,3106100
2021/9/27,279.769989,280.630005,278.119995,279.720001,279.720001,3358400
2021/9/28,279.140015,281.380005,275.820007,276.790009,276.790009,4959500
2021/9/29,277.029999,278.779999,275.950012,277.290009,277.290009,2952000
2021/9/30,278.369995,278.369995,272.839996,272.940002,272.940002,5187900
2021/10/1,273.019989,277.51001,272.220001,275.709991,275.709991,3950700
2021/10/4,274.679993,276.959991,273.049988,273.640015,273.640015,4307000
2021/10/5,273.859985,279.670013,273.200012,278.049988,278.049988,5069400
2021/10/6,276.279999,280.390015,274.609985,280.220001,280.220001,3866100
2021/10/7,282.140015,284.98999,282.140015,282.950012,282.950012,3794200
2021/10/8,282.589996,284.720001,281.709991,284.140015,284.140015,2299900
2021/10/11,284.429993,285.609985,280.799988,280.929993,280.929993,2907900
2021/10/12,281.459991,281.519989,278.209991,278.619995,278.619995,3770800
2021/10/13,278.470001,279.410004,275.549988,277.899994,277.899994,3311400
2021/10/14,280.809998,282.380005,279.299988,281.640015,281.640015,3646400
2021/10/15,283.940002,284.970001,282.269989,284.209991,284.209991,4313700
2021/10/18,282.829987,283.51001,281.570007,282.589996,282.589996,3551500
2021/10/19,283.600006,285.149994,283.049988,284.829987,284.829987,2682700
2021/10/20,284.339996,287.700012,284.320007,287.48999,287.48999,3147600
2021/10/21,286.98999,287.279999,285.25,286.820007,286.820007,2488800
2021/10/22,287.660004,289.799988,286.23999,289.23999,289.23999,3406500
2021/10/25,289.700012,290.470001,287.600006,290.26001,290.26001,3142900
2021/10/26,290.649994,292.220001,290.299988,290.850006,290.850006,3872300
2021/10/27,290.850006,290.950012,287.640015,287.779999,287.779999,3691500
2021/10/28,288.209991,289.859985,287.200012,289.720001,289.720001,3300100
2021/10/29,288.809998,290,286.73999,287.01001,287.01001,4420300
2021/11/1,288.049988,288.420013,285.619995,286.23999,286.23999,2889500
2021/11/2,286.609985,288.5,285.220001,287.929993,287.929993,3838300
2021/11/3,287.209991,288.880005,286.130005,288.720001,288.720001,2773100
2021/11/4,289.130005,289.130005,285.25,287.690002,287.690002,3426300
2021/11/5,288.829987,290.700012,286.820007,287.880005,287.880005,3581100
2021/11/8,290,295.649994,288.609985,288.799988,288.799988,4721000
2021/11/9,288.790009,288.98999,285.299988,286.350006,286.350006,3587200
2021/11/10,286.48999,287.23999,284.519989,285.320007,285.320007,3421700
2021/11/11,286.5,287.070007,284.25,284.649994,284.649994,2861000
2021/11/12,284.880005,286.100006,283.799988,285.98999,285.98999,2917000
2021/11/15,286.600006,286.98999,284.23999,284.670013,284.670013,3217300
2021/11/16,284.470001,285.160004,283.119995,283.359985,283.359985,4204200
2021/11/17,283.119995,283.119995,280.899994,281.589996,281.589996,3740800
2021/11/18,281.100006,281.75,279.25,280.630005,280.630005,3338000
2021/11/19,280.959991,280.970001,278.01001,279.98999,279.98999,4529200
2021/11/22,280.730011,286.440002,280.01001,284.970001,284.970001,5036000
2021/11/23,285.149994,288.730011,285.049988,288.559998,288.559998,4490100
2021/11/24,287.440002,288.320007,286.089996,287.279999,287.279999,4924100
2021/11/26,280.279999,284.709991,279.76001,283.089996,283.089996,4440700
2021/11/29,284,284.980011,281.420013,282.119995,282.119995,5390900
2021/11/30,279.940002,280.200012,275.890015,276.690002,276.690002,9925300
2021/12/1,279.540009,281.720001,274.790009,275,275,5165100
2021/12/2,276.679993,280.369995,275.290009,279.089996,279.089996,4924800
2021/12/3,278.709991,279.970001,275.269989,277.429993,277.429993,5925000
2021/12/6,278.730011,283.170013,278.730011,281.380005,281.380005,5524200
2021/12/7,282.420013,285.410004,282.119995,284.970001,284.970001,5766000
2021/12/8,284.970001,285.970001,282.279999,283.720001,283.720001,3255700
2021/12/9,283.769989,284.950012,281.779999,284.519989,284.519989,3445500
2021/12/10,285.48999,288.5,284.230011,288.230011,288.230011,4109800
2021/12/13,288.5,291.579987,285.839996,290.01001,290.01001,4887500
2021/12/14,289.670013,296.410004,289.670013,295.029999,295.029999,5992200
2021/12/15,295.820007,296.5,292.809998,294.579987,294.579987,5598200
2021/12/16,296.880005,301.579987,295.100006,300.170013,300.170013,6538100
2021/12/17,297.850006,298,292.350006,293.660004,293.660004,12719500
2021/12/20,290.769989,291.579987,287.589996,289.609985,289.609985,5456200
2021/12/21,292.140015,295.410004,291.5,293.23999,293.23999,3929100
2021/12/22,292.859985,294.570007,291.73999,294.410004,294.410004,2445600
2021/12/23,295.220001,296.779999,294.209991,294.48999,294.48999,2898200
2021/12/27,295.25,296.690002,294.459991,296.670013,296.670013,2807200
2021/12/28,296.959991,299.790009,296.799988,298.290009,298.290009,2572900
2021/12/29,299.230011,300.649994,298.859985,299.459991,299.459991,2687300
2021/12/30,300.880005,301.649994,299.73999,299.980011,299.980011,2300000
2021/12/31,299.940002,300.690002,298.839996,299,299,2932200
2022/1/3,300.100006,301.299988,299.200012,300.790009,300.790009,3570300
2022/1/4,301.649994,309.209991,301.649994,308.529999,308.529999,6003300
2022/1/5,309.869995,314.480011,309.5,309.920013,309.920013,6888300
2022/1/6,312.980011,314.109985,310.220001,313.220001,313.220001,5137200
2022/1/7,315.559998,320.200012,314.140015,319.779999,319.779999,5618300
2022/1/10,321.399994,322.100006,315.119995,318.929993,318.929993,5812300
2022/1/11,318.609985,320,315.040009,319.799988,319.799988,4247900
2022/1/12,320.619995,321.049988,317.26001,320.390015,320.390015,3580400
2022/1/13,321,323.470001,320.100006,321.26001,321.26001,4277900
2022/1/14,318.869995,324.399994,316.5,324.130005,324.130005,4913700
2022/1/18,322.220001,323.290009,318.070007,320.290009,320.290009,5764200
2022/1/19,321.350006,321.350006,314.579987,314.75,314.75,6086400
2022/1/20,315.579987,317.179993,310.679993,311.01001,311.01001,4402300
2022/1/21,309.98999,311.019989,304.140015,305.220001,305.220001,6535400
2022/1/24,299.700012,304.730011,296.079987,303.730011,303.730011,8504200
2022/1/25,301.869995,309.130005,294.809998,307.190002,307.190002,6435400
2022/1/26,310.399994,313.329987,306.570007,309.26001,309.26001,6119400
2022/1/27,311.700012,315.920013,305.309998,307.670013,307.670013,5053200
2022/1/28,307.679993,313.290009,304.070007,312.899994,312.899994,5238200
2022/1/31,312,313.299988,307.839996,313.019989,313.019989,5237600
2022/2/1,312.640015,314.600006,310.309998,313.959991,313.959991,4347200
2022/2/2,313.570007,320.160004,313,319.600006,319.600006,4632200
2022/2/3,319.329987,319.649994,314.609985,315.230011,315.230011,4151500
2022/2/4,315.869995,317.839996,312.700012,314.98999,314.98999,3654700
2022/2/7,314.910004,318.220001,312.059998,316.51001,316.51001,3129100
2022/2/8,318.269989,322.649994,316,321.440002,321.440002,6237800
2022/2/9,323.799988,325.630005,321.540009,322.380005,322.380005,3995900
2022/2/10,320.98999,322.459991,318.48999,319.850006,319.850006,7079700
2022/2/11,320.01001,323.119995,317.73999,319.140015,319.140015,7493400
2022/2/14,319.609985,320.429993,312.170013,314.279999,314.279999,8129100
2022/2/15,316.640015,317.940002,314.690002,316.200012,316.200012,3681400
2022/2/16,315,316.899994,314.279999,315.649994,315.649994,3974100
2022/2/17,314.980011,315.440002,312.299988,313.549988,313.549988,3632400
2022/2/18,313.829987,315.679993,313.079987,314.799988,314.799988,4224500
