Date,ThirtyMin,Daily
2021/6/30 09:30,277.6,87.150002
2021/6/30 10:00,277.59,86.660004
2021/6/30 10:30,278.27,86.349998
2021/6/30 11:00,277.98,87.68
2021/6/30 11:30,277.62,86.93
2021/6/30 12:00,277.99,86.860001
2021/6/30 12:30,277.775,87.290001
2021/6/30 13:00,277.21,85.449997
2021/6/30 13:30,277.16,84.580002
2021/6/30 14:00,277.55,85.18
2021/6/30 14:30,277.56,85.269997
2021/6/30 15:00,277.66,85.870003
2021/6/30 15:30,277.74,84.879997
2021/7/1 09:30,278.84,85.300003
2021/7/1 10:00,278.71,85.910004
2021/7/1 10:30,278.495,86.760002
2021/7/1 11:00,279.045,86.790001
2021/7/1 11:30,278.56,87.580002
2021/7/1 12:00,278.47,88.5
2021/7/1 12:30,278.52,88.290001
2021/7/1 13:00,279.1,88.080002
2021/7/1 13:30,279.62,88.269997
2021/7/1 14:00,279.95,87.970001
2021/7/1 14:30,279.94,88.080002
2021/7/1 15:00,279.76,87.75
2021/7/1 15:30,280.24,87.269997
2021/7/2 09:30,279.225,87.620003
2021/7/2 10:00,279.165,87.489998
2021/7/2 10:30,279.22,87.330002
2021/7/2 11:00,279.16,87.099998
2021/7/2 11:30,278.73,87.269997
2021/7/2 12:00,278.91,89.32
2021/7/2 12:30,279.52,89.440002
2021/7/2 13:00,279.18,89.150002
2021/7/2 13:30,279.15,89.980003
2021/7/2 14:00,279.33,90.370003
2021/7/2 14:30,279.088,90.099998
2021/7/2 15:00,279.188,90.690002
2021/7/2 15:30,279.12,89.830002
2021/7/6 09:30,276.71,89.830002
2021/7/6 10:00,275.79,89.260002
2021/7/6 10:30,275.29,89.220001
2021/7/6 11:00,276.05,88.550003
2021/7/6 11:30,276.62,89.699997
2021/7/6 12:00,276.565,93.199997
2021/7/6 12:30,276.28,93.620003
2021/7/6 13:00,276.44,93.849998
2021/7/6 13:30,276.55,93.449997
2021/7/6 14:00,276.47,93.809998
2021/7/6 14:30,276.71,93.32
2021/7/6 15:00,277.13,94.650002
2021/7/6 15:30,277.21,94.389999
2021/7/7 09:30,276.9,95.360001
2021/7/7 10:00,277.73,95.360001
2021/7/7 10:30,277.74,95.029999
2021/7/7 11:00,279.26,95.300003
2021/7/7 11:30,278.14,95.160004
2021/7/7 12:00,278.82,95.910004
2021/7/7 12:30,278.73,96.480003
2021/7/7 13:00,278.28,97.309998
2021/7/7 13:30,278.65,97.389999
2021/7/7 14:00,278.76,97.120003
2021/7/7 14:30,279.34,97.239998
2021/7/7 15:00,279.38,96.879997
2021/7/7 15:30,279.35,96.93
2021/7/8 09:30,277.32,98
2021/7/8 10:00,276.35,96.510002
2021/7/8 10:30,275.94,97.910004
2021/7/8 11:00,276.29,97.830002
2021/7/8 11:30,276.63,97.110001
2021/7/8 12:00,276.69,97.25
2021/7/8 12:30,276.31,97.129997
2021/7/8 13:00,275.49,97.699997
2021/7/8 13:30,274.5209,97.970001
2021/7/8 14:00,273.77,99.209999
2021/7/8 14:30,273.91,99.769997
2021/7/8 15:00,273.95,101.019997
2021/7/8 15:30,274.38,100.220001
2021/7/9 09:30,278.1,100.169998
2021/7/9 10:00,279.34,101.209999
2021/7/9 10:30,278.81,98.580002
2021/7/9 11:00,279.4,98.720001
2021/7/9 11:30,279.435,101.209999
2021/7/9 12:00,279.01,102.160004
2021/7/9 12:30,279.4028,102.050003
2021/7/9 13:00,279.61,101.949997
2021/7/9 13:30,279.84,102.660004
2021/7/9 14:00,280.31,103.239998
2021/7/9 14:30,280.465,103.410004
2021/7/9 15:00,280.82,103.629997
2021/7/9 15:30,280.32,104.07
2021/7/12 09:30,281.03,103.010002
2021/7/12 10:00,281.58,103.650002
2021/7/12 10:30,281.36,103.989998
2021/7/12 11:00,281.08,102.790001
2021/7/12 11:30,281.47,102.120003
2021/7/12 12:00,281.35,101.769997
2021/7/12 12:30,280.7471,102.339996
2021/7/12 13:00,280.74,101.959999
2021/7/12 13:30,280.21,102.57
2021/7/12 14:00,280.15,102.400002
2021/7/12 14:30,280.23,103.82
2021/7/12 15:00,279.99,103.160004
2021/7/12 15:30,280.45,104.199997
2021/7/13 09:30,279,103.470001
2021/7/13 10:00,278.47,105.139999
2021/7/13 10:30,278.89,104.239998
2021/7/13 11:00,278.82,105.129997
2021/7/13 11:30,278.97,104.150002
2021/7/13 12:00,278.97,105.260002
2021/7/13 12:30,278.91,105.120003
2021/7/13 13:00,279.2,106.330002
2021/7/13 13:30,279.745,106.730003
2021/7/13 14:00,279.37,107.040001
2021/7/13 14:30,279.3,104.519997
2021/7/13 15:00,278.97,107.160004
2021/7/13 15:30,279.19,105.169998
2021/7/14 09:30,279.34,103
2021/7/14 10:00,278.92,105.279999
2021/7/14 10:30,278.53,105.019997
2021/7/14 11:00,278.9314,106.68
2021/7/14 11:30,278.26,106.75
2021/7/14 12:00,279.24,107.470001
2021/7/14 12:30,279.25,107.099998
2021/7/14 13:00,279.08,106.610001
2021/7/14 13:30,279.11,106.32
2021/7/14 14:00,278.31,106.120003
2021/7/14 14:30,278.06,107.300003
2021/7/14 15:00,277.955,108.639999
2021/7/14 15:30,278.57,110
2021/7/15 09:30,277.83,109.900002
2021/7/15 10:00,279.24,110.940002
2021/7/15 10:30,280.355,110.660004
2021/7/15 11:00,279.95,111.82
2021/7/15 11:30,280.42,111.739998
2021/7/15 12:00,280.38,112.669998
2021/7/15 12:30,279.8,112.769997
2021/7/15 13:00,279.25,111.540001
2021/7/15 13:30,278.95,113.019997
2021/7/15 14:00,279.16,113
2021/7/15 14:30,279.1383,112.699997
2021/7/15 15:00,279.49,111.849998
2021/7/15 15:30,279.72,111.290001
2021/7/16 09:30,279.87,110.830002
2021/7/16 10:00,278.95,112.279999
2021/7/16 10:30,279.46,113.029999
2021/7/16 11:00,278.88,114.839996
2021/7/16 11:30,279.01,114.07
2021/7/16 12:00,278.8,114.07
2021/7/16 12:30,278.865,113.419998
2021/7/16 13:00,278.2201,111.510002
2021/7/16 13:30,278.23,113.099998
2021/7/16 14:00,277.57,115.309998
2021/7/16 14:30,277.63,115.150002
2021/7/16 15:00,277.88,113.510002
2021/7/16 15:30,277.91,112.949997
2021/7/19 09:30,273.165,114.989998
2021/7/19 10:00,272.3393,114.160004
2021/7/19 10:30,271.87,114.919998
2021/7/19 11:00,272.08,115.169998
2021/7/19 11:30,272.73,113.839996
2021/7/19 12:00,271.42,111.410004
2021/7/19 12:30,271.65,112.379997
2021/7/19 13:00,271.33,110.709999
2021/7/19 13:30,270.89,112.07
2021/7/19 14:00,271.51,112.910004
2021/7/19 14:30,271.11,113
2021/7/19 15:00,271.56,111.919998
2021/7/19 15:30,272.61,113.040001
2021/7/20 09:30,275.59,112.519997
2021/7/20 10:00,276.59,112.629997
2021/7/20 10:30,277.23,114.959999
2021/7/20 11:00,276.82,115.010002
2021/7/20 11:30,277.3,115.800003
2021/7/20 12:00,277.37,114.879997
2021/7/20 12:30,277.58,116.980003
2021/7/20 13:00,276.52,117.120003
2021/7/20 13:30,276.66,117.209999
2021/7/20 14:00,276.6225,117.199997
2021/7/20 14:30,276.72,117.629997
2021/7/20 15:00,277.0304,118.559998
2021/7/20 15:30,276.96,118.900002
2021/7/21 09:30,280.36,118.940002
2021/7/21 10:00,279.716,118.209999
2021/7/21 10:30,279.79,116.459999
2021/7/21 11:00,279.2,117.07
2021/7/21 11:30,279.8062,117.339996
2021/7/21 12:00,279.82,116.419998
2021/7/21 12:30,280.22,115.790001
2021/7/21 13:00,280.15,115.870003
2021/7/21 13:30,279.97,117.279999
2021/7/21 14:00,279.61,117.82
2021/7/21 14:30,279.8,118.230003
2021/7/21 15:00,279.9565,117.910004
2021/7/21 15:30,279.89,116.800003
2021/7/22 09:30,277.985,117.639999
2021/7/22 10:00,277.91,116.709999
2021/7/22 10:30,278.42,117.129997
2021/7/22 11:00,278.12,117.279999
2021/7/22 11:30,277.5783,116.57
2021/7/22 12:00,278.11,114.800003
2021/7/22 12:30,277.915,115.239998
2021/7/22 13:00,277.57,114.300003
2021/7/22 13:30,277.8247,115.010002
2021/7/22 14:00,277.87,113.980003
2021/7/22 14:30,277.88,114.75
2021/7/22 15:00,278.02,114.269997
2021/7/22 15:30,277.55,113.849998
2021/7/23 09:30,278.17,111.540001
2021/7/23 10:00,278.3,112.199997
2021/7/23 10:30,278.79,111.989998
2021/7/23 11:00,278.53,111.220001
2021/7/23 11:30,277.88,112.080002
2021/7/23 12:00,278.4569,112.080002
2021/7/23 12:30,278.55,112.269997
2021/7/23 13:00,278.68,111.860001
2021/7/23 13:30,278.7245,112.669998
2021/7/23 14:00,278.0586,113.589996
2021/7/23 14:30,278.27,114.279999
2021/7/23 15:00,278.33,113.379997
2021/7/23 15:30,278.63,113.540001
2021/7/26 09:30,279.42,114.839996
2021/7/26 10:00,278.44,115.389999
2021/7/26 10:30,278.76,116.699997
2021/7/26 11:00,279.32,117.169998
2021/7/26 11:30,279.2,117.900002
2021/7/26 12:00,278.96,115.639999
2021/7/26 12:30,279.21,115.050003
2021/7/26 13:00,279.08,115.510002
2021/7/26 13:30,278.88,115.790001
2021/7/26 14:00,278.6835,114.849998
2021/7/26 14:30,278.43,113.510002
2021/7/26 15:00,278.61,114.139999
2021/7/26 15:30,278.76,114.410004
2021/7/27 09:30,277.99,113.370003
2021/7/27 10:00,279.61,113.75
2021/7/27 10:30,280.26,112.860001
2021/7/27 11:00,280.21,111.370003
2021/7/27 11:30,280.22,111.769997
2021/7/27 12:00,280.015,114.839996
2021/7/27 12:30,280.575,115.809998
2021/7/27 13:00,280.745,116
2021/7/27 13:30,280.4644,114.629997
2021/7/27 14:00,280.69,116.690002
2021/7/27 14:30,280.25,116.919998
2021/7/27 15:00,280.29,116.970001
2021/7/27 15:30,280.96,116.889999
2021/7/28 09:30,279.0597,117.489998
2021/7/28 10:00,278.165,116.410004
2021/7/28 10:30,278.31,116.839996
2021/7/28 11:00,278.16,117.029999
2021/7/28 11:30,278.62,116.940002
2021/7/28 12:00,277.985,117.410004
2021/7/28 12:30,277.95,116.339996
2021/7/28 13:00,278.21,115.089996
2021/7/28 13:30,277.76,115.269997
2021/7/28 14:00,278.225,114.870003
2021/7/28 14:30,278.78,114.360001
2021/7/28 15:00,278.081,114.910004
2021/7/28 15:30,278.18,113.830002
2021/7/29 09:30,279.59,115.879997
2021/7/29 10:00,279.84,115.650002
2021/7/29 10:30,280.68,114.209999
2021/7/29 11:00,280.35,114.809998
2021/7/29 11:30,280.735,115.690002
2021/7/29 12:00,280.8998,116.300003
2021/7/29 12:30,280.62,115.900002
2021/7/29 13:00,281.0607,115.839996
2021/7/29 13:30,280.95,114.900002
2021/7/29 14:00,280.63,116.419998
2021/7/29 14:30,280.56,116.959999
2021/7/29 15:00,280.685,115.629997
2021/7/29 15:30,279.64,116.580002
2021/7/30 09:30,280.3,116.580002
2021/7/30 10:00,279.62,116.529999
2021/7/30 10:30,279.37,115.330002
2021/7/30 11:00,279.44,114.790001
2021/7/30 11:30,278.95,115.300003
2021/7/30 12:00,278.57,114.959999
2021/7/30 12:30,278.3,116.660004
2021/7/30 13:00,278.57,117.139999
2021/7/30 13:30,278.67,115.610001
2021/7/30 14:00,277.81,114.510002
2021/7/30 14:30,278.13,114.379997
2021/7/30 15:00,278.06,114.059998
2021/7/30 15:30,278.37,113.959999
2021/8/2 09:30,280.715,113.629997
2021/8/2 10:00,279.945,116.139999
2021/8/2 10:30,279.22,116.360001
2021/8/2 11:00,278.92,115.599998
2021/8/2 11:30,278.1,117.040001
2021/8/2 12:00,278,117.43
2021/8/2 12:30,278.18,117.989998
2021/8/2 13:00,278.22,118
2021/8/2 13:30,278.21,118.040001
2021/8/2 14:00,278.56,118.559998
2021/8/2 14:30,278.576,117.5
2021/8/2 15:00,278.56,117.57
2021/8/2 15:30,278.05,116.279999
2021/8/3 09:30,277.24,116.190002
2021/8/3 10:00,278.84,115.339996
2021/8/3 10:30,279.24,115.32
2021/8/3 11:00,279.74,114.970001
2021/8/3 11:30,280.16,114.010002
2021/8/3 12:00,279.9,114.959999
2021/8/3 12:30,280.31,115.849998
2021/8/3 13:00,281.19,115.239998
2021/8/3 13:30,281.775,115.07
2021/8/3 14:00,282.05,115.150002
2021/8/3 14:30,281.81,115.260002
2021/8/3 15:00,282.2,113.5
2021/8/3 15:30,281.7,111.809998
2021/8/4 09:30,279.88,111.5
2021/8/4 10:00,280.7456,112.010002
2021/8/4 10:30,280.06,111.279999
2021/8/4 11:00,280.27,113
2021/8/4 11:30,279.75,111.599998
2021/8/4 12:00,279.245,108.989998
2021/8/4 12:30,279.45,109.129997
2021/8/4 13:00,279.6104,108.779999
2021/8/4 13:30,280.11,110.160004
2021/8/4 14:00,279.78,112.610001
2021/8/4 14:30,279.62,112.610001
2021/8/4 15:00,279.65,113.610001
2021/8/4 15:30,278.86,113.300003
2021/8/5 09:30,279.42,114.699997
2021/8/5 10:00,279.325,114.949997
2021/8/5 10:30,279.21,114.730003
2021/8/5 11:00,278.95,113.360001
2021/8/5 11:30,279.22,113.099998
2021/8/5 12:00,278.8,113.18
2021/8/5 12:30,278.43,113.199997
2021/8/5 13:00,278.68,113.940002
2021/8/5 13:30,278.55,113.699997
2021/8/5 14:00,278.475,114.580002
2021/8/5 14:30,278.48,115.779999
2021/8/5 15:00,279.85,116.059998
2021/8/5 15:30,280.21,118.57
2021/8/6 09:30,282.67,118.980003
2021/8/6 10:00,283.67,121.199997
2021/8/6 10:30,284.16,122.669998
2021/8/6 11:00,284.56,124.099998
2021/8/6 11:30,284.31,124.690002
2021/8/6 12:00,284.74,125.169998
2021/8/6 12:30,284.82,123.610001
2021/8/6 13:00,284.36,122.510002
2021/8/6 13:30,284.545,123.360001
2021/8/6 14:00,284.63,123.279999
2021/8/6 14:30,284.72,122.620003
2021/8/6 15:00,285.275,124.440002
2021/8/6 15:30,285.57,125.199997
2021/8/9 09:30,286.2399,124.32
2021/8/9 10:00,287.31,124.470001
2021/8/9 10:30,287.445,123.010002
2021/8/9 11:00,287.055,123.470001
2021/8/9 11:30,287.415,123.529999
2021/8/9 12:00,287.11,124.970001
2021/8/9 12:30,287.43,124.879997
2021/8/9 13:00,287.65,124.470001
2021/8/9 13:30,287.925,124.309998
2021/8/9 14:00,287.91,123.900002
2021/8/9 14:30,287.58,123.120003
2021/8/9 15:00,287.34,123.129997
2021/8/9 15:30,287.38,124.010002
2021/8/10 09:30,286.86,122.269997
2021/8/10 10:00,287.77,121.699997
2021/8/10 10:30,288.81,122.290001
2021/8/10 11:00,288.9,123.769997
2021/8/10 11:30,288.96,126
2021/8/10 12:00,288.24,127.18
2021/8/10 12:30,288.35,126.5
2021/8/10 13:00,288.17,127.150002
2021/8/10 13:30,288.49,127.199997
2021/8/10 14:00,288.74,126.949997
2021/8/10 14:30,288.55,127.260002
2021/8/10 15:00,288.37,127.699997
2021/8/10 15:30,288.94,128.490005
2021/8/11 09:30,289.34,128.850006
2021/8/11 10:00,290.25,129.059998
2021/8/11 10:30,290.71,128.089996
2021/8/11 11:00,290.82,126.610001
2021/8/11 11:30,290.86,124.669998
2021/8/11 12:00,290.14,127.449997
2021/8/11 12:30,290.269,126.669998
2021/8/11 13:00,290.015,127.339996
2021/8/11 13:30,290.42,127.290001
2021/8/11 14:00,290.15,127.889999
2021/8/11 14:30,290.195,127.529999
2021/8/11 15:00,290.385,126.360001
2021/8/11 15:30,291.28,126.860001
2021/8/12 09:30,290.25,127.129997
2021/8/12 10:00,289.5,126.059998
2021/8/12 10:30,289.18,126.660004
2021/8/12 11:00,289.41,126.980003
2021/8/12 11:30,289.75,126.800003
2021/8/12 12:00,290.635,127.519997
2021/8/12 12:30,290.4,127.459999
2021/8/12 13:00,290.22,128.110001
2021/8/12 13:30,290.055,128.339996
2021/8/12 14:00,290.065,127.879997
2021/8/12 14:30,289.89,126.93
2021/8/12 15:00,289.93,127.230003
2021/8/12 15:30,290.22,128.199997
2021/8/13 09:30,289.95,128.649994
2021/8/13 10:00,288.275,127.989998
2021/8/13 10:30,287.93,128.25
2021/8/13 11:00,287.7,128.220001
2021/8/13 11:30,287.66,127.279999
2021/8/13 12:00,287.235,126.540001
2021/8/13 12:30,287.26,126.150002
2021/8/13 13:00,287.4476,126.029999
2021/8/13 13:30,287.47,127.169998
2021/8/13 14:00,287.59,127.25
2021/8/13 14:30,287.58,126.739998
2021/8/13 15:00,287.555,126.669998
2021/8/13 15:30,288,126.779999
2021/8/16 09:30,286.65,127.129997
2021/8/16 10:00,288.42,127.099998
2021/8/16 10:30,289.07,127.32
2021/8/16 11:00,288.65,126.559998
2021/8/16 11:30,288.79,127.239998
2021/8/16 12:00,288.8594,127.730003
2021/8/16 12:30,288.94,129.300003
2021/8/16 13:00,288.96,128.699997
2021/8/16 13:30,288.48,128.220001
2021/8/16 14:00,288.83,128.75
2021/8/16 14:30,288.8,128.449997
2021/8/16 15:00,288.94,128.630005
2021/8/16 15:30,289.28,128.979996
2021/8/17 09:30,289.63,128.490005
2021/8/17 10:00,289.65,128.110001
2021/8/17 10:30,289.32,126.519997
2021/8/17 11:00,289.9,128.279999
2021/8/17 11:30,289.9777,128.580002
2021/8/17 12:00,289.16,128.419998
2021/8/17 12:30,287.68,128.130005
2021/8/17 13:00,288.545,128.350006
2021/8/17 13:30,288.33,127.550003
2021/8/17 14:00,288.37,128.369995
2021/8/17 14:30,288.69,127.360001
2021/8/17 15:00,288.73,127.739998
2021/8/17 15:30,289.29,125.43
2021/8/18 09:30,289.3,125.830002
2021/8/18 10:00,289.4,129.720001
2021/8/18 10:30,289.161,127.989998
2021/8/18 11:00,289.26,129.110001
2021/8/18 11:30,289.75,128.949997
2021/8/18 12:00,289.39,130.899994
2021/8/18 12:30,289.555,131.949997
2021/8/18 13:00,289.365,133.059998
2021/8/18 13:30,289.6061,133.080002
2021/8/18 14:00,289.18,135.300003
2021/8/18 14:30,288.4001,134.339996
2021/8/18 15:00,287.77,135.029999
2021/8/18 15:30,286.41,134.899994
2021/8/19 09:30,286.51,134.910004
2021/8/19 10:00,285.94,136.809998
2021/8/19 10:30,285.77,135.75
2021/8/19 11:00,284.77,136.229996
2021/8/19 11:30,285.53,136.25
2021/8/19 12:00,285.35,136.520004
2021/8/19 12:30,285.19,136.110001
2021/8/19 13:00,284.515,137.25
2021/8/19 13:30,284.41,137.960007
2021/8/19 14:00,284.43,137.729996
2021/8/19 14:30,285.275,137.949997
2021/8/19 15:00,286.02,138.070007
2021/8/19 15:30,284.95,138.279999
2021/8/20 09:30,284.7211,136.889999
2021/8/20 10:00,285.59,137.720001
2021/8/20 10:30,284.13,137.919998
2021/8/20 11:00,285.15,137.089996
2021/8/20 11:30,285.7,138.039993
2021/8/20 12:00,285.68,138.690002
2021/8/20 12:30,285.5,139.610001
2021/8/20 13:00,285.37,141.279999
2021/8/20 13:30,285.08,140.559998
2021/8/20 14:00,284.98,139.259995
2021/8/20 14:30,285.06,138.779999
2021/8/20 15:00,285.455,139.949997
2021/8/20 15:30,285.32,137.089996
2021/8/23 09:30,286.73,138.679993
2021/8/23 10:00,285.975,138.330002
2021/8/23 10:30,286.27,138.139999
2021/8/23 11:00,286.9,136.619995
2021/8/23 11:30,286.52,137.639999
2021/8/23 12:00,286.49,139.5
2021/8/23 12:30,286.35,139.160004
2021/8/23 13:00,286.33,136.720001
2021/8/23 13:30,286.31,139.940002
2021/8/23 14:00,286.06,137.089996
2021/8/23 14:30,286.08,136.759995
2021/8/23 15:00,286.16,136.380005
2021/8/23 15:30,285.7,137.389999
2021/8/24 09:30,285.82,135.639999
2021/8/24 10:00,285,134.699997
2021/8/24 10:30,284.545,137.089996
2021/8/24 11:00,284.57,137.229996
2021/8/24 11:30,285.13,138.970001
2021/8/24 12:00,285.39,137.649994
2021/8/24 12:30,285.89,138.679993
2021/8/24 13:00,285.91,139.399994
2021/8/24 13:30,286.11,139.529999
2021/8/24 14:00,286.41,140.460007
2021/8/24 14:30,285.88,139.990005
2021/8/24 15:00,285.75,139.539993
2021/8/24 15:30,286.01,140.160004
2021/8/25 09:30,286.41,140.809998
2021/8/25 10:00,286.33,142.179993
2021/8/25 10:30,286.3994,142.919998
2021/8/25 11:00,287.1848,143.289993
2021/8/25 11:30,287.62,143.610001
2021/8/25 12:00,288.05,145.050003
2021/8/25 12:30,287.94,144.949997
2021/8/25 13:00,287.6,145.520004
2021/8/25 13:30,287.53,146.289993
2021/8/25 14:00,287.42,145.520004
2021/8/25 14:30,287.25,145.369995
2021/8/25 15:00,287.3,145.809998
2021/8/25 15:30,287.28,145.649994
2021/8/26 09:30,286.86,145.720001
2021/8/26 10:00,286.68,146.699997
2021/8/26 10:30,286.24,147.270004
2021/8/26 11:00,286.925,147.809998
2021/8/26 11:30,286.43,148.190002
2021/8/26 12:00,286.0816,148.690002
2021/8/26 12:30,286.05,148.520004
2021/8/26 13:00,286.045,149.869995
2021/8/26 13:30,285.52,149.729996
2021/8/26 14:00,285.25,150.050003
2021/8/26 14:30,285.29,150.679993
2021/8/26 15:00,285.29,151.940002
2021/8/26 15:30,285.2,150.460007
2021/8/27 09:30,285.64,149.080002
2021/8/27 10:00,285.84,150.130005
2021/8/27 10:30,285.99,146.460007
2021/8/27 11:00,285.49,146.119995
2021/8/27 11:30,285.52,145.279999
2021/8/27 12:00,285.61,148.449997
2021/8/27 12:30,285.85,152.669998
2021/8/27 13:00,285.84,151.559998
2021/8/27 13:30,285.69,151.899994
2021/8/27 14:00,285.53,151.75
2021/8/27 14:30,285.855,151.539993
2021/8/27 15:00,285.97,151.350006
2021/8/27 15:30,286.69,152.050003
2021/8/30 09:30,285.54,152.089996
2021/8/30 10:00,285.94,150.149994
2021/8/30 10:30,286.625,149.169998
2021/8/30 11:00,286.88,147
2021/8/30 11:30,286.62,146.839996
2021/8/30 12:00,286.48,148.880005
2021/8/30 12:30,286.652,151.369995
2021/8/30 13:00,286.325,149.470001
2021/8/30 13:30,285.91,148.279999
2021/8/30 14:00,285.9569,148.630005
2021/8/30 14:30,285.92,147.820007
2021/8/30 15:00,285.87,147.580002
2021/8/30 15:30,285.57,149.210007
2021/8/31 09:30,285.22,148.630005
2021/8/31 10:00,285.48,147.179993
2021/8/31 10:30,286.16,150.149994
2021/8/31 11:00,286.08,149.119995
2021/8/31 11:30,285.95,149.699997
2021/8/31 12:00,286.01,147.649994
2021/8/31 12:30,285.7286,144.779999
2021/8/31 13:00,285.83,146.289993
2021/8/31 13:30,286.01,143.910004
2021/8/31 14:00,285.98,146.729996
2021/8/31 14:30,285.995,148.289993
2021/8/31 15:00,285.75,147.529999
2021/8/31 15:30,285.77,149.669998
2021/9/1 09:30,285.45,150.179993
2021/9/1 10:00,285.25,149.130005
2021/9/1 10:30,285.5229,149.919998
2021/9/1 11:00,285.35,149.679993
2021/9/1 11:30,285.31,149.789993
2021/9/1 12:00,285.46,148.339996
2021/9/1 12:30,286.16,149.169998
2021/9/1 13:00,285.59,148.669998
2021/9/1 13:30,285.59,147.479996
2021/9/1 14:00,285.5,148.720001
2021/9/1 14:30,285.565,147.369995
2021/9/1 15:00,285.4523,148.949997
2021/9/1 15:30,285.23,148.779999
2021/9/2 09:30,285.76,148.339996
2021/9/2 10:00,285.85,147.410004
2021/9/2 10:30,285.66,147.080002
2021/9/2 11:00,285.7499,145.929993
2021/9/2 11:30,285.83,144.919998
2021/9/2 12:00,285.83,146.059998
2021/9/2 12:30,285.73,145.279999
2021/9/2 13:00,285.42,146.130005
2021/9/2 13:30,285.375,143.190002
2021/9/2 14:00,285.11,143.440002
2021/9/2 14:30,285.01,145.669998
2021/9/2 15:00,284.39,143.970001
2021/9/2 15:30,285.055,145.979996
2021/9/3 09:30,282.74,144.75
2021/9/3 10:00,283.08,146
2021/9/3 10:30,282.74,144.880005
2021/9/3 11:00,282.47,145.529999
2021/9/3 11:30,282.3558,145.559998
2021/9/3 12:00,282.065,144.289993
2021/9/3 12:30,281.82,143.559998
2021/9/3 13:00,282.43,143.029999
2021/9/3 13:30,282.71,143.889999
2021/9/3 14:00,282.46,145.979996
2021/9/3 14:30,282.2851,144.320007
2021/9/3 15:00,282.33,143.449997
2021/9/3 15:30,281.96,143.559998
2021/9/7 09:30,279.68,143.759995
2021/9/7 10:00,279.36,143.059998
2021/9/7 10:30,279.53,143.279999
2021/9/7 11:00,279.9,143.649994
2021/9/7 11:30,279.62,143.5
2021/9/7 12:00,280.045,143.460007
2021/9/7 12:30,280.525,142.75
2021/9/7 13:00,280.295,142.710007
2021/9/7 13:30,280.225,142.100006
2021/9/7 14:00,279.75,140.699997
2021/9/7 14:30,279.57,142.089996
2021/9/7 15:00,279.025,141.139999
2021/9/7 15:30,278.88,141.990005
2021/9/8 09:30,279.205,142.429993
2021/9/8 10:00,278.915,142.089996
2021/9/8 10:30,278.4,141.089996
2021/9/8 11:00,278.46,142.520004
2021/9/8 11:30,278.71,142.410004
2021/9/8 12:00,279.1,141.210007
2021/9/8 12:30,279.04,143.360001
2021/9/8 13:00,278.82,146.149994
2021/9/8 13:30,278.78,144.559998
2021/9/8 14:00,278.8,143.779999
2021/9/8 14:30,278.76,145.309998
2021/9/8 15:00,279.53,148.309998
2021/9/8 15:30,279.22,146.169998
2021/9/9 09:30,279.4794,144.789993
2021/9/9 10:00,279.3904,144.259995
2021/9/9 10:30,279.2,145.779999
2021/9/9 11:00,279.305,145.259995
2021/9/9 11:30,279.56,145.830002
2021/9/9 12:00,279.15,146.539993
2021/9/9 12:30,279.305,145.940002
2021/9/9 13:00,279.17,145.270004
2021/9/9 13:30,278.59,144.600006
2021/9/9 14:00,278.6604,143.630005
2021/9/9 14:30,279.06,144.75
2021/9/9 15:00,278.78,144.740005
2021/9/9 15:30,278.57,143
2021/9/10 09:30,277.61,143.350006
2021/9/10 10:00,278.44,143.029999
2021/9/10 10:30,277.935,143.190002
2021/9/10 11:00,278.19,141.369995
2021/9/10 11:30,278.57,140.759995
2021/9/10 12:00,278.95,139.520004
2021/9/10 12:30,279.03,139.630005
2021/9/10 13:00,278.79,140.860001
2021/9/10 13:30,278.725,141.360001
2021/9/10 14:00,278.52,140.289993
2021/9/10 14:30,278.57,139.399994
2021/9/10 15:00,278.5,139.710007
2021/9/10 15:30,277.71,139.970001
2021/9/13 09:30,280.3,142.669998
2021/9/13 10:00,280.02,140.960007
2021/9/13 10:30,280.39,141.529999
2021/9/13 11:00,280.14,141.330002
2021/9/13 11:30,279.6543,140.089996
2021/9/13 12:00,279.68,139.449997
2021/9/13 12:30,279.35,139.779999
2021/9/13 13:00,279.03,136.509995
2021/9/13 13:30,278.825,136.110001
2021/9/13 14:00,279.14,137.520004
2021/9/13 14:30,278.91,137.389999
2021/9/13 15:00,279.44,136.889999
2021/9/13 15:30,279.8,138.440002
2021/9/14 09:30,278.14,136.899994
2021/9/14 10:00,277.94,138.25
2021/9/14 10:30,276.8,139.729996
2021/9/14 11:00,277.29,141.389999
2021/9/14 11:30,276.58,141.119995
2021/9/14 12:00,277.16,142.610001
2021/9/14 12:30,276.845,143.919998
2021/9/14 13:00,277.08,143.880005
2021/9/14 13:30,277.17,144.509995
2021/9/14 14:00,276.84,143.600006
2021/9/14 14:30,277.07,143.520004
2021/9/14 15:00,276.95,142.179993
2021/9/14 15:30,277.22,141.25
2021/9/15 09:30,278.425,140.720001
2021/9/15 10:00,277.1702,143.220001
2021/9/15 10:30,277.045,142.919998
2021/9/15 11:00,277.855,142.850006
2021/9/15 11:30,277.76,142.740005
2021/9/15 12:00,278.14,142.330002
2021/9/15 12:30,278.62,142.679993
2021/9/15 13:00,278.67,143.5
2021/9/15 13:30,278.25,143.350006
2021/9/15 14:00,278.17,143.550003
2021/9/15 14:30,277.98,143.419998
2021/9/15 15:00,278.28,142.800003
2021/9/15 15:30,278.22,141.600006
2021/9/16 09:30,277.34,141.949997
2021/9/16 10:00,276.63,142.570007
2021/9/16 10:30,276.67,142.320007
2021/9/16 11:00,277.47,141.360001
2021/9/16 11:30,277.86,140.470001
2021/9/16 12:00,277.81,138.389999
2021/9/16 12:30,277.84,134.220001
2021/9/16 13:00,277.6,129.570007
2021/9/16 13:30,277.77,127.739998
2021/9/16 14:00,277.81,132.610001
2021/9/16 14:30,277.88,136.229996
2021/9/16 15:00,278.02,135.740005
2021/9/16 15:30,277.64,134.039993
2021/9/17 09:30,277.37,130.410004
2021/9/17 10:00,276.97,132.220001
2021/9/17 10:30,276.44,132.149994
2021/9/17 11:00,277.23,129.639999
2021/9/17 11:30,277.37,132.899994
2021/9/17 12:00,277.1201,130.589996
2021/9/17 12:30,276.87,130.660004
2021/9/17 13:00,276.53,131.369995
2021/9/17 13:30,276.52,130.899994
2021/9/17 14:00,276.49,132.259995
2021/9/17 14:30,276.475,132.580002
2021/9/17 15:00,276.16,131.470001
2021/9/17 15:30,276.4,129.100006
2021/9/20 09:30,273.63,130.979996
2021/9/20 10:00,273.475,129.300003
2021/9/20 10:30,272.91,129.160004
2021/9/20 11:00,273.145,128.830002
2021/9/20 11:30,272.39,129.639999
2021/9/20 12:00,272.31,128.619995
2021/9/20 12:30,272.08,128.809998
2021/9/20 13:00,272.1,130.399994
2021/9/20 13:30,272.36,129.880005
2021/9/20 14:00,272.21,129.830002
2021/9/20 14:30,271.72,132.380005
2021/9/20 15:00,272.22,131.190002
2021/9/20 15:30,273.97,132.679993
2021/9/21 09:30,275.3,133.75
2021/9/21 10:00,273.7913,133.029999
2021/9/21 10:30,273.18,133.399994
2021/9/21 11:00,272.98,132.190002
2021/9/21 11:30,273.7,131.179993
2021/9/21 12:00,274.255,133.800003
2021/9/21 12:30,273.91,133.809998
2021/9/21 13:00,273.375,133.619995
2021/9/21 13:30,273.3,134.160004
2021/9/21 14:00,273.04,133.220001
2021/9/21 14:30,273.56,137.289993
2021/9/21 15:00,274.19,137.779999
2021/9/21 15:30,273.05,137
2021/9/22 09:30,275.95,135.630005
2021/9/22 10:00,275.87,138.160004
2021/9/22 10:30,276.39,137.889999
2021/9/22 11:00,275.99,136.020004
2021/9/22 11:30,276.325,138.399994
2021/9/22 12:00,276.31,137.940002
2021/9/22 12:30,276.06,137.429993
2021/9/22 13:00,275.97,136.570007
2021/9/22 13:30,275.655,136.330002
2021/9/22 14:00,275.68,134
2021/9/22 14:30,274.69,134.729996
2021/9/22 15:00,274.565,134.960007
2021/9/22 15:30,273.87,132.779999
2021/9/23 09:30,277.475,131.960007
2021/9/23 10:00,277.99,133.300003
2021/9/23 10:30,278.14,133.089996
2021/9/23 11:00,278.51,136.220001
2021/9/23 11:30,278.84,136.630005
2021/9/23 12:00,279,136.630005
2021/9/23 12:30,278.88,135.990005
2021/9/23 13:00,279.05,135.539993
2021/9/23 13:30,279.58,135.130005
2021/9/23 14:00,279.41,134.630005
2021/9/23 14:30,279.34,134.089996
2021/9/23 15:00,278.52,136.429993
2021/9/23 15:30,278.14,135.270004
2021/9/24 09:30,278.95,132.660004
2021/9/24 10:00,278.115,136.479996
2021/9/24 10:30,277.985,135.600006
2021/9/24 11:00,277.81,133.360001
2021/9/24 11:30,278.04,131.710007
2021/9/24 12:00,278.075,131.710007
2021/9/24 12:30,277.87,130.309998
2021/9/24 13:00,277.81,132.020004
2021/9/24 13:30,277.63,134.880005
2021/9/24 14:00,277.7,135.880005
2021/9/24 14:30,278.035,133.970001
2021/9/24 15:00,277.86,129.529999
2021/9/24 15:30,277.92,131.190002
2021/9/27 09:30,280.11,133.139999
2021/9/27 10:00,279.8375,134.149994
2021/9/27 10:30,279.38,133.889999
2021/9/27 11:00,279.56,133.119995
2021/9/27 11:30,279.7,134.139999
2021/9/27 12:00,280.18,133.259995
2021/9/27 12:30,280.1,132.039993
2021/9/27 13:00,279.9,130.75
2021/9/27 13:30,279.861,131.25
2021/9/27 14:00,279.77,131.330002
2021/9/27 14:30,279.79,129.479996
2021/9/27 15:00,279.93,128.330002
2021/9/27 15:30,279.82,128.360001
2021/9/28 09:30,279.425,128.800003
2021/9/28 10:00,277.67,126.25
2021/9/28 10:30,277.92,128.070007
2021/9/28 11:00,277.16,126.139999
2021/9/28 11:30,276.96,127.760002
2021/9/28 12:00,276.61,124.830002
2021/9/28 12:30,276,125.620003
2021/9/28 13:00,276.665,127.040001
2021/9/28 13:30,276.09,124.129997
2021/9/28 14:00,276.82,125.889999
2021/9/28 14:30,277.4,125.190002
2021/9/28 15:00,277.04,126.010002
2021/9/28 15:30,276.68,129.770004
2021/9/29 09:30,276.985,128.660004
2021/9/29 10:00,277.64,125.699997
2021/9/29 10:30,278.35,126.239998
2021/9/29 11:00,278.47,127.440002
2021/9/29 11:30,278.02,126.559998
2021/9/29 12:00,277.915,126.779999
2021/9/29 12:30,277.68,127.720001
2021/9/29 13:00,277.75,126.580002
2021/9/29 13:30,277.65,125.089996
2021/9/29 14:00,278.07,128.070007
2021/9/29 14:30,278.01,128.559998
2021/9/29 15:00,278.17,130.259995
2021/9/29 15:30,277.24,130.860001
2021/9/30 09:30,277.5,131.050003
2021/9/30 10:00,277.14,131.990005
2021/9/30 10:30,276.24,130.740005
2021/9/30 11:00,276.16,131.029999
2021/9/30 11:30,275.04,132.309998
2021/9/30 12:00,273.85,131.919998
2021/9/30 12:30,274.41,134.169998
2021/9/30 13:00,274.43,136.940002
2021/9/30 13:30,274.88,136.729996
2021/9/30 14:00,274.63,136.839996
2021/9/30 14:30,274.84,137.970001
2021/9/30 15:00,274.85,138.720001
2021/9/30 15:30,273.02,137.800003
2021/10/1 09:30,273.45,139.130005
2021/10/1 10:00,272.48,138.619995
2021/10/1 10:30,273.02,140.649994
2021/10/1 11:00,274.02,139.720001
2021/10/1 11:30,274.64,140.399994
2021/10/1 12:00,274.68,139.830002
2021/10/1 12:30,274.71,142.399994
2021/10/1 13:00,274.98,142.160004
2021/10/1 13:30,275.85,142.130005
2021/10/1 14:00,276.5,142.179993
2021/10/1 14:30,276.715,140.960007
2021/10/1 15:00,276.485,140.110001
2021/10/1 15:30,275.69,141.289993
2021/10/4 09:30,276.41,141.899994
2021/10/4 10:00,275.11,142.460007
2021/10/4 10:30,273.76,141.880005
2021/10/4 11:00,273.68,143.789993
2021/10/4 11:30,274.455,143.220001
2021/10/4 12:00,273.92,141.199997
2021/10/4 12:30,273.64,141.699997
2021/10/4 13:00,273.57,140.809998
2021/10/4 13:30,273.73,141.059998
2021/10/4 14:00,273.365,140.990005
2021/10/4 14:30,273.28,142.399994
2021/10/4 15:00,273.38,144.039993
2021/10/4 15:30,273.68,143.720001
2021/10/5 09:30,274.2,143.449997
2021/10/5 10:00,276.95,144.380005
2021/10/5 10:30,277.26,145.949997
2021/10/5 11:00,277.525,146.089996
2021/10/5 11:30,278.25,144.860001
2021/10/5 12:00,278.41,146.110001
2021/10/5 12:30,278.68,146.179993
2021/10/5 13:00,278.96,147.020004
2021/10/5 13:30,279.15,147.600006
2021/10/5 14:00,279.45,146.070007
2021/10/5 14:30,279.16,145.479996
2021/10/5 15:00,279.18,146.889999
2021/10/5 15:30,277.96,144.830002
2021/10/6 09:30,275.41,144.240005
2021/10/6 10:00,276.3,143.880005
2021/10/6 10:30,276.41,144.619995
2021/10/6 11:00,275.86,142.910004
2021/10/6 11:30,276.8496,144.779999
2021/10/6 12:00,276.4,142.869995
2021/10/6 12:30,277.19,143.309998
2021/10/6 13:00,277.74,141.399994
2021/10/6 13:30,278.83,141.850006
2021/10/6 14:00,279.62,140.339996
2021/10/6 14:30,279.39,141.470001
2021/10/6 15:00,279.79,140.789993
2021/10/6 15:30,280.23,141.830002
2021/10/7 09:30,284.2,141.479996
2021/10/7 10:00,284.27,143.710007
2021/10/7 10:30,284.03,144.080002
2021/10/7 11:00,283.47,143.050003
2021/10/7 11:30,284.87,143.350006
2021/10/7 12:00,284.62,140.539993
2021/10/7 12:30,284.38,141.990005
2021/10/7 13:00,284.48,142.110001
2021/10/7 13:30,284.18,141.139999
2021/10/7 14:00,284.3899,141.820007
2021/10/7 14:30,283.45,141.410004
2021/10/7 15:00,283.72,142.529999
2021/10/7 15:30,283.14,142.229996
2021/10/8 09:30,282.36,141.759995
2021/10/8 10:00,282.43,140.940002
2021/10/8 10:30,283.37,141.300003
2021/10/8 11:00,284.09,140.449997
2021/10/8 11:30,284.03,141.990005
2021/10/8 12:00,283.795,140.729996
2021/10/8 12:30,284.03,141.669998
2021/10/8 13:00,283.51,143.529999
2021/10/8 13:30,283.86,143.940002
2021/10/8 14:00,284.585,145.979996
2021/10/8 14:30,284.335,139.710007
2021/10/8 15:00,284.56,138.5
2021/10/8 15:30,284.19,140.279999
2021/10/11 09:30,285.61,142.119995
2021/10/11 10:00,285.38,144.789993
2021/10/11 10:30,285.245,143.960007
2021/10/11 11:00,284.635,142.229996
2021/10/11 11:30,284.62,142.509995
2021/10/11 12:00,283.55,141.910004
2021/10/11 12:30,282.56,143.649994
2021/10/11 13:00,281.83,143.929993
2021/10/11 13:30,281.69,144.669998
2021/10/11 14:00,281.315,145.929993
2021/10/11 14:30,281.51,145.729996
2021/10/11 15:00,281.05,145.970001
2021/10/11 15:30,280.95,146.570007
2021/10/12 09:30,279.89,146.919998
2021/10/12 10:00,279.445,146.169998
2021/10/12 10:30,280.02,144.350006
2021/10/12 11:00,280.34,144.600006
2021/10/12 11:30,279.91,144.139999
2021/10/12 12:00,279.94,144.339996
2021/10/12 12:30,279.96,144.190002
2021/10/12 13:00,280.02,144.419998
2021/10/12 13:30,279.71,144.270004
2021/10/12 14:00,279.66,143.929993
2021/10/12 14:30,279.16,143.309998
2021/10/12 15:00,279,143.630005
2021/10/12 15:30,278.5,143.119995
2021/10/13 09:30,276.325,145.649994
2021/10/13 10:00,276.24,145.559998
2021/10/13 10:30,277.01,147.220001
2021/10/13 11:00,277.22,146.690002
2021/10/13 11:30,277.63,147.740005
2021/10/13 12:00,277.56,147.720001
2021/10/13 12:30,277.12,147.779999
2021/10/13 13:00,277.18,147.240005
2021/10/13 13:30,277.32,149.080002
2021/10/13 14:00,277.12,148.809998
2021/10/13 14:30,277.38,148.75
2021/10/13 15:00,277.5301,148.449997
2021/10/13 15:30,278.02,148.770004
2021/10/14 09:30,279.75,148.410004
2021/10/14 10:00,280.3465,148.639999
2021/10/14 10:30,281.79,147.910004
2021/10/14 11:00,281.5976,149.300003
2021/10/14 11:30,281.95,150.229996
2021/10/14 12:00,281.6701,150.490005
2021/10/14 12:30,282,150.350006
2021/10/14 13:00,281.94,150.720001
2021/10/14 13:30,281.95,150.429993
2021/10/14 14:00,281.97,149.580002
2021/10/14 14:30,282.205,149.779999
2021/10/14 15:00,281.515,146.619995
2021/10/14 15:30,281.6,148.970001
2021/10/15 09:30,284,146.229996
2021/10/15 10:00,282.92,145.779999
2021/10/15 10:30,282.848,146.660004
2021/10/15 11:00,282.67,145.009995
2021/10/15 11:30,282.59,145.240005
2021/10/15 12:00,282.52,144.919998
2021/10/15 12:30,283.105,146.460007
2021/10/15 13:00,283.18,146.529999
2021/10/15 13:30,283.76,145
2021/10/15 14:00,284.745,144.179993
2021/10/15 14:30,284.62,145.339996
2021/10/15 15:00,284.05,145.279999
2021/10/15 15:30,284.1,143.589996
2021/10/18 09:30,282.69,144.470001
2021/10/18 10:00,282.48,143.759995
2021/10/18 10:30,282.55,143.169998
2021/10/18 11:00,283.03,144.149994
2021/10/18 11:30,283.23,143.869995
2021/10/18 12:00,283.28,144.520004
2021/10/18 12:30,282.78,145.199997
2021/10/18 13:00,282.56,143.949997
2021/10/18 13:30,282.5,144.910004
2021/10/18 14:00,282.45,143.220001
2021/10/18 14:30,282.3797,144.179993
2021/10/18 15:00,282.115,143.800003
2021/10/18 15:30,282.565,144.300003
2021/10/19 09:30,284.32,144.860001
2021/10/19 10:00,284.95,144.490005
2021/10/19 10:30,284.6,143.600006
2021/10/19 11:00,284.57,143.830002
2021/10/19 11:30,284.14,143.419998
2021/10/19 12:00,284.16,143.940002
2021/10/19 12:30,284.45,144.449997
2021/10/19 13:00,283.95,144
2021/10/19 13:30,283.89,144.300003
2021/10/19 14:00,283.755,143.630005
2021/10/19 14:30,284.1,143.190002
2021/10/19 15:00,284.22,143.639999
2021/10/19 15:30,284.7,142.949997
2021/10/20 09:30,285.51,146.910004
2021/10/20 10:00,286.4,147.789993
2021/10/20 10:30,286.1,151.279999
2021/10/20 11:00,286.265,156.059998
2021/10/20 11:30,286.3,156.919998
2021/10/20 12:00,287.117,157.929993
2021/10/20 12:30,287.46,157.460007
2021/10/20 13:00,287.63,157.080002
2021/10/20 13:30,287.21,158.389999
2021/10/20 14:00,287.12,157.75
2021/10/20 14:30,287.04,158.710007
2021/10/20 15:00,287.15,158.660004
2021/10/20 15:30,287.53,158.110001
2021/10/21 09:30,286.61,158.179993
2021/10/21 10:00,286.34,156.970001
2021/10/21 10:30,286.31,157.679993
2021/10/21 11:00,285.71,157.440002
2021/10/21 11:30,285.78,160.119995
2021/10/21 12:00,285.53,159.389999
2021/10/21 12:30,285.39,160.210007
2021/10/21 13:00,285.75,161.339996
2021/10/21 13:30,285.82,164.690002
2021/10/21 14:00,286.32,164.110001
2021/10/21 14:30,286.4412,164.860001
2021/10/21 15:00,286.53,166.119995
2021/10/21 15:30,286.86,166.619995
2021/10/22 09:30,288.185,165.059998
2021/10/22 10:00,288.1,165.729996
2021/10/22 10:30,287.27,164.759995
2021/10/22 11:00,287.14,165.350006
2021/10/22 11:30,286.655,166.360001
2021/10/22 12:00,287.69,165.949997
2021/10/22 12:30,287.74,166.029999
2021/10/22 13:00,288.195,165.320007
2021/10/22 13:30,288.23,164.949997
2021/10/22 14:00,288.8,163.75
2021/10/22 14:30,288.965,163.050003
2021/10/22 15:00,289.28,162.979996
2021/10/22 15:30,289.18,163.830002
2021/10/25 09:30,288.78,164.080002
2021/10/25 10:00,287.93,163.300003
2021/10/25 10:30,288.81,163.410004
2021/10/25 11:00,288.5373,162.020004
2021/10/25 11:30,289.0703,161.470001
2021/10/25 12:00,289.5,162.229996
2021/10/25 12:30,289.68,161.410004
2021/10/25 13:00,290.07,161.899994
2021/10/25 13:30,289.79,159.639999
2021/10/25 14:00,289.84,160.490005
2021/10/25 14:30,289.89,159.410004
2021/10/25 15:00,289.925,160.210007
2021/10/25 15:30,290.47,158.809998
2021/10/26 09:30,291.08,160.720001
2021/10/26 10:00,291.55,164.25
2021/10/26 10:30,290.93,164.919998
2021/10/26 11:00,291.36,164.399994
2021/10/26 11:30,291.65,164.800003
2021/10/26 12:00,291.37,164.139999
2021/10/26 12:30,291.28,163.610001
2021/10/26 13:00,291.4,163
2021/10/26 13:30,291.77,163.940002
2021/10/26 14:00,291.765,163.419998
2021/10/26 14:30,291.84,162.929993
2021/10/26 15:00,291.62,162.869995
2021/10/26 15:30,290.82,164.039993
2021/10/27 09:30,289.93,164.009995
2021/10/27 10:00,289.26,165.850006
2021/10/27 10:30,289.51,166.949997
2021/10/27 11:00,289.03,167.279999
2021/10/27 11:30,288.17,167.740005
2021/10/27 12:00,288.6,168.570007
2021/10/27 12:30,288.4273,168.919998
2021/10/27 13:00,288.41,169.610001
2021/10/27 13:30,288.66,170.149994
2021/10/27 14:00,288.94,170.220001
2021/10/27 14:30,288.34,170.630005
2021/10/27 15:00,288.32,171.419998
2021/10/27 15:30,287.64,177.279999
2021/10/28 09:30,288.56,175.889999
2021/10/28 10:00,287.965,175.679993
2021/10/28 10:30,288.38,175.399994
2021/10/28 11:00,287.84,175.300003
2021/10/28 11:30,287.64,174.970001
2021/10/28 12:00,287.69,175.369995
2021/10/28 12:30,287.6,174.979996
2021/10/28 13:00,287.665,175.389999
2021/10/28 13:30,287.62,174.729996
2021/10/28 14:00,288.44,174.669998
2021/10/28 14:30,288.91,174.080002
2021/10/28 15:00,288.82,172.820007
2021/10/28 15:30,289.66,172.070007
2021/10/29 09:30,289.16,169.470001
2021/10/29 10:00,288.93,169.300003
2021/10/29 10:30,288.875,169.889999
2021/10/29 11:00,289.12,168.660004
2021/10/29 11:30,289.245,167.440002
2021/10/29 12:00,289.15,168.309998
2021/10/29 12:30,288.5995,166.589996
2021/10/29 13:00,288.4,167.360001
2021/10/29 13:30,288.02,166.679993
2021/10/29 14:00,287.3437,166.869995
2021/10/29 14:30,287.443,166.860001
2021/10/29 15:00,287.18,165.830002
2021/10/29 15:30,286.87,166.470001
2021/11/1 09:30,287.04,166.169998
2021/11/1 10:00,285.975,166.350006
2021/11/1 10:30,286.205,165.699997
2021/11/1 11:00,286.06,165.110001
2021/11/1 11:30,286.26,162.899994
2021/11/1 12:00,286.32,164.350006
2021/11/1 12:30,286.565,163.690002
2021/11/1 13:00,286.39,162.759995
2021/11/1 13:30,286.135,164.979996
2021/11/1 14:00,285.825,163.410004
2021/11/1 14:30,286.295,165.779999
2021/11/1 15:00,286.11,167.529999
2021/11/1 15:30,286.33,167.630005
2021/11/2 09:30,285.47,166.550003
2021/11/2 10:00,286.36,165.210007
2021/11/2 10:30,287.05,165.440002
2021/11/2 11:00,287.17,166.050003
2021/11/2 11:30,286.92,166.729996
2021/11/2 12:00,286.97,166.339996
2021/11/2 12:30,287.42,166.550003
2021/11/2 13:00,287.61,165.020004
2021/11/2 13:30,287.73,163.460007
2021/11/2 14:00,288.0645,163.720001
2021/11/2 14:30,288.19,163.270004
2021/11/2 15:00,288.38,163.320007
2021/11/2 15:30,288,163.800003
2021/11/3 09:30,287.57,163.610001
2021/11/3 10:00,287.035,161.259995
2021/11/3 10:30,287.03,161.619995
2021/11/3 11:00,286.5,163.240005
2021/11/3 11:30,286.43,165.130005
2021/11/3 12:00,286.46,165.479996
2021/11/3 12:30,286.355,164.929993
2021/11/3 13:00,286.24,165.300003
2021/11/3 13:30,286.63,165.690002
2021/11/3 14:00,287.6109,165.110001
2021/11/3 14:30,288.19,165.279999
2021/11/3 15:00,288.49,166.660004
2021/11/3 15:30,288.635,166.289993
2021/11/4 09:30,287.73,166.520004
2021/11/4 10:00,286.725,166.130005
2021/11/4 10:30,285.82,166.5
2021/11/4 11:00,285.7,166.940002
2021/11/4 11:30,286.5888,170
2021/11/4 12:00,285.79,170.5
2021/11/4 12:30,286.245,171.470001
2021/11/4 13:00,285.99,171.449997
2021/11/4 13:30,286.0315,170.550003
2021/11/4 14:00,285.64,170.479996
2021/11/4 14:30,286.23,171.550003
2021/11/4 15:00,286.71,170.550003
2021/11/4 15:30,287.96,169.619995
2021/11/5 09:30,290.115,168.320007
2021/11/5 10:00,290.1096,167.220001
2021/11/5 10:30,289.49,167.490005
2021/11/5 11:00,288.55,167.350006
2021/11/5 11:30,287.91,169.889999
2021/11/5 12:00,288.325,169.300003
2021/11/5 12:30,287.62,169.369995
2021/11/5 13:00,287.2,171.800003
2021/11/5 13:30,287.19,171.850006
2021/11/5 14:00,287.8101,170.199997
2021/11/5 14:30,287.48,171.139999
2021/11/5 15:00,287.445,170.25
2021/11/5 15:30,287.88,169.240005
2021/11/8 09:30,292.82,169.919998
2021/11/8 10:00,290.9508,169.690002
2021/11/8 10:30,290.615,169.470001
2021/11/8 11:00,290.065,170.160004
2021/11/8 11:30,290.05,170.309998
2021/11/8 12:00,290.04,171.199997
2021/11/8 12:30,289.155,171.330002
2021/11/8 13:00,289.04,171.339996
2021/11/8 13:30,289.1579,171.369995
2021/11/8 14:00,289.125,172.940002
2021/11/8 14:30,289.36,173.020004
2021/11/8 15:00,288.935,173.050003
2021/11/8 15:30,288.91,174
2021/11/9 09:30,287.485,174.970001
2021/11/9 10:00,286.65,176.289993
2021/11/9 10:30,286.1034,177.850006
2021/11/9 11:00,285.64,178.990005
2021/11/9 11:30,285.67,179.919998
2021/11/9 12:00,285.85,178.039993
2021/11/9 12:30,286.07,176.429993
2021/11/9 13:00,285.955,178.059998
2021/11/9 13:30,286.15,176.360001
2021/11/9 14:00,285.685,175.339996
2021/11/9 14:30,286.22,177.289993
2021/11/9 15:00,286.17,177.470001
2021/11/9 15:30,286.41,178.539993
2021/11/10 09:30,285.7,177.160004
2021/11/10 10:00,284.88,177.559998
2021/11/10 10:30,284.81,178.339996
2021/11/10 11:00,285.2,180.449997
2021/11/10 11:30,285.41,179.979996
2021/11/10 12:00,284.88,178.429993
2021/11/10 12:30,284.97,179.600006
2021/11/10 13:00,285.4,178.699997
2021/11/10 13:30,285.42,178.619995
2021/11/10 14:00,285.32,180.350006
2021/11/10 14:30,285.39,181.160004
2021/11/10 15:00,285.72,180.729996
2021/11/10 15:30,285.24,176.979996
2021/11/11 09:30,285.495,176.789993
2021/11/11 10:00,285.11,173.990005
2021/11/11 10:30,284.66,175.5
2021/11/11 11:00,284.87,177.869995
2021/11/11 11:30,285.136,178.630005
2021/11/11 12:00,285.325,178.919998
2021/11/11 12:30,284.98,178.570007
2021/11/11 13:00,284.575,179.889999
2021/11/11 13:30,284.52,181.470001
2021/11/11 14:00,284.45,183.009995
2021/11/11 14:30,284.91,183.820007
2021/11/11 15:00,285.08,183.160004
2021/11/11 15:30,284.68,181.860001
2021/11/12 09:30,284.76,182.520004
2021/11/12 10:00,284.1102,181.860001
2021/11/12 10:30,284.44,183.270004
2021/11/12 11:00,285.52,183.210007
2021/11/12 11:30,285.5008,183.320007
2021/11/12 12:00,285.47,185.410004
2021/11/12 12:30,285.2,185.669998
2021/11/12 13:00,284.91,185.830002
2021/11/12 13:30,285.09,187.119995
2021/11/12 14:00,284.8301,187.429993
2021/11/12 14:30,284.9,187.5
2021/11/12 15:00,285.27,188
2021/11/12 15:30,286.05,187.460007
2021/11/15 09:30,285.76,186.300003
2021/11/15 10:00,285.73,187.369995
2021/11/15 10:30,285.3,187.960007
2021/11/15 11:00,285.16,187.389999
2021/11/15 11:30,284.87,187.850006
2021/11/15 12:00,285.44,187.210007
2021/11/15 12:30,285.18,189.039993
2021/11/15 13:00,285.21,189.389999
2021/11/15 13:30,285.3,189.779999
2021/11/15 14:00,284.9699,188.710007
2021/11/15 14:30,284.78,188.610001
2021/11/15 15:00,284.75,188.589996
2021/11/15 15:30,284.67,187.850006
2021/11/16 09:30,284.49,186.940002
2021/11/16 10:00,284.6788,187.169998
2021/11/16 10:30,283.835,188.610001
2021/11/16 11:00,284.51,187.270004
2021/11/16 11:30,284.68,186.679993
2021/11/16 12:00,284.37,186.300003
2021/11/16 12:30,284.49,184.600006
2021/11/16 13:00,284.63,184.490005
2021/11/16 13:30,284.1585,183.679993
2021/11/16 14:00,283.9468,184.399994
2021/11/16 14:30,284.0899,183.339996
2021/11/16 15:00,283.735,181.809998
2021/11/16 15:30,283.48,182.050003
2021/11/17 09:30,281.15,181.059998
2021/11/17 10:00,281.05,181.630005
2021/11/17 10:30,281.375,183.179993
2021/11/17 11:00,280.9,182.559998
2021/11/17 11:30,281.155,182.360001
2021/11/17 12:00,281.105,183.490005
2021/11/17 12:30,282.09,187.539993
2021/11/17 13:00,281.8,189.850006
2021/11/17 13:30,281.83,193.009995
2021/11/17 14:00,281.77,194.559998
2021/11/17 14:30,282.085,196.960007
2021/11/17 15:00,282.24,196.070007
2021/11/17 15:30,281.54,196.009995
2021/11/18 09:30,279.61,196.339996
2021/11/18 10:00,279.67,196.440002
2021/11/18 10:30,280.04,196.699997
2021/11/18 11:00,280.045,199.070007
2021/11/18 11:30,280.47,197.399994
2021/11/18 12:00,281.1,196.660004
2021/11/18 12:30,281.02,197.779999
2021/11/18 13:00,281.3876,199.339996
2021/11/18 13:30,281.65,197.910004
2021/11/18 14:00,281.11,197.789993
2021/11/18 14:30,281.37,198.889999
2021/11/18 15:00,281.38,197.919998
2021/11/18 15:30,280.66,197.570007
2021/11/19 09:30,278.43,198.690002
2021/11/19 10:00,279.01,199.559998
2021/11/19 10:30,279.71,198.220001
2021/11/19 11:00,279.665,197.220001
2021/11/19 11:30,279.87,199.789993
2021/11/19 12:00,280.31,200.690002
2021/11/19 12:30,280.804,201.419998
2021/11/19 13:00,280.23,202.740005
2021/11/19 13:30,280.02,203.020004
2021/11/19 14:00,280.245,205.610001
2021/11/19 14:30,280.045,206.690002
2021/11/19 15:00,280.0366,210.160004
2021/11/19 15:30,279.93,210.289993
2021/11/22 09:30,282.475,214.160004
2021/11/22 10:00,282.65,213.190002
2021/11/22 10:30,282.52,213.25
2021/11/22 11:00,282.97,215.970001
2021/11/22 11:30,283.8,215.559998
2021/11/22 12:00,285.22,215.610001
2021/11/22 12:30,285.025,215.100006
2021/11/22 13:00,285.665,217.190002
2021/11/22 13:30,285.5481,215.460007
2021/11/22 14:00,285.69,214.410004
2021/11/22 14:30,286.11,214.380005
2021/11/22 15:00,285.785,217.25
2021/11/22 15:30,284.97,209.119995
2021/11/23 09:30,285.4125,196.800003
2021/11/23 10:00,285.65,201.240005
2021/11/23 10:30,286.27,200.369995
2021/11/23 11:00,287.34,191.419998
2021/11/23 11:30,287.39,196.020004
2021/11/23 12:00,287.8,198.889999
2021/11/23 12:30,287.8766,197.990005
2021/11/23 13:00,287.42,200.539993
2021/11/23 13:30,287.76,203.899994
2021/11/23 14:00,287.84,203.789993
2021/11/23 14:30,288.434,203.050003
2021/11/23 15:00,288.105,201.020004
2021/11/23 15:30,288.64,200.729996
2021/11/24 09:30,287.125,202.759995
2021/11/24 10:00,286.68,210.619995
2021/11/24 10:30,287.25,209.660004
2021/11/24 11:00,286.92,207.199997
2021/11/24 11:30,286.25,201.529999
2021/11/24 12:00,286.15,201.339996
2021/11/24 12:30,286.9604,203.240005
2021/11/24 13:00,287.08,204.550003
2021/11/24 13:30,287.09,204.300003
2021/11/24 14:00,286.82,205.289993
2021/11/24 14:30,287.24,212.940002
2021/11/24 15:00,287.18,211.820007
2021/11/24 15:30,287.27,209.130005
2021/11/26 09:30,280.6,206.990005
2021/11/26 10:00,281.4875,207.820007
2021/11/26 10:30,283.3,206.960007
2021/11/26 11:00,283.03,203.990005
2021/11/26 11:30,282.81,204.75
2021/11/26 12:00,283.85,204.830002
2021/11/26 12:30,283.39,197.630005
2021/11/26 13:00,283.09,192.460007
2021/11/26 14:00,283.09,199.339996
2021/11/26 15:00,283.09,196.149994
2021/11/26 15:30,283.09,196.669998
2021/11/29 09:30,283.07,199.479996
2021/11/29 10:00,282.83,195
2021/11/29 10:30,282.0032,197.960007
2021/11/29 11:00,281.74,200.110001
2021/11/29 11:30,282.115,200.850006
2021/11/29 12:00,282.83,195.490005
2021/11/29 12:30,282.79,195.330002
2021/11/29 13:00,282.84,197.800003
2021/11/29 13:30,282.79,195.220001
2021/11/29 14:00,282.97,198.130005
2021/11/29 14:30,282.93,197
2021/11/29 15:00,282.675,198.220001
2021/11/29 15:30,281.9,199.270004
2021/11/30 09:30,278.45,199.509995
2021/11/30 10:00,278.7,200.380005
2021/11/30 10:30,278.2904,200.130005
2021/11/30 11:00,279.18,199.419998
2021/11/30 11:30,278.29,196.800003
2021/11/30 12:00,278.185,196.800003
2021/11/30 12:30,277.7307,197.029999
2021/11/30 13:00,277.58,197.229996
2021/11/30 13:30,278.11,193.729996
2021/11/30 14:00,278.35,195.110001
2021/11/30 14:30,277.72,193.309998
2021/11/30 15:00,277.47,191.610001
2021/11/30 15:30,276.65,195.639999
2021/12/1 09:30,278.45,197.059998
2021/12/1 10:00,280.225,196.240005
2021/12/1 10:30,280.57,199.869995
2021/12/1 11:00,281.18,201.199997
2021/12/1 11:30,280.85,199.300003
2021/12/1 12:00,280.98,199.179993
2021/12/1 12:30,280.23,197.360001
2021/12/1 13:00,279.8,197.830002
2021/12/1 13:30,278.31,197.490005
2021/12/1 14:00,278.71,196.059998
2021/12/1 14:30,278.32,197.910004
2021/12/1 15:00,276.97,198.130005
2021/12/1 15:30,274.96,195.949997
2021/12/2 09:30,278.07,194.830002
2021/12/2 10:00,278.84,194.149994
2021/12/2 10:30,278.59,189.869995
2021/12/2 11:00,278.75,194.100006
2021/12/2 11:30,279.17,191.529999
2021/12/2 12:00,278.935,192.229996
2021/12/2 12:30,279.93,191.300003
2021/12/2 13:00,279.56,190.770004
2021/12/2 13:30,279.89,193.990005
2021/12/2 14:00,280.21,195.570007
2021/12/2 14:30,279.755,196.009995
2021/12/2 15:00,279.245,195.330002
2021/12/2 15:30,279.3,195.270004
2021/12/3 09:30,278.65,194.550003
2021/12/3 10:00,279.47,192.5
2021/12/3 10:30,277.485,191.759995
2021/12/3 11:00,278.325,191.110001
2021/12/3 11:30,277.01,190.350006
2021/12/3 12:00,277.59,189.5
2021/12/3 12:30,277.28,188.860001
2021/12/3 13:00,276.7479,188.910004
2021/12/3 13:30,276.19,186.729996
2021/12/3 14:00,275.9475,186.440002
2021/12/3 14:30,275.45,184.910004
2021/12/3 15:00,276.38,187.089996
2021/12/3 15:30,277.65,186.649994
2021/12/6 09:30,280.25,187.830002
2021/12/6 10:00,281.29,186.020004
2021/12/6 10:30,282.55,187.5
2021/12/6 11:00,282.28,187.559998
2021/12/6 11:30,281.79,189.639999
2021/12/6 12:00,282.5202,189.899994
2021/12/6 12:30,282.78,189.910004
2021/12/6 13:00,282.95,189.960007
2021/12/6 13:30,282.965,190.960007
2021/12/6 14:00,281.995,192
2021/12/6 14:30,281.4037,190.410004
2021/12/6 15:00,281.22,200.440002
2021/12/6 15:30,281.23,197.490005
2021/12/7 09:30,284.31,196.779999
2021/12/7 10:00,283.85,197.850006
2021/12/7 10:30,284.7775,198.460007
2021/12/7 11:00,284.63,197.610001
2021/12/7 11:30,284.38,197.460007
2021/12/7 12:00,284.225,197.949997
2021/12/7 12:30,284.545,199.089996
2021/12/7 13:00,284.495,197.869995
2021/12/7 13:30,284.23,197.850006
2021/12/7 14:00,284.81,198.059998
2021/12/7 14:30,285.19,200.240005
2021/12/7 15:00,284.665,206.059998
2021/12/7 15:30,284.89,208.720001
2021/12/8 09:30,284.77,208.940002
2021/12/8 10:00,283.365,209.100006
2021/12/8 10:30,282.37,206.630005
2021/12/8 11:00,282.9,205.169998
2021/12/8 11:30,282.83,205.830002
2021/12/8 12:00,283.465,204.5
2021/12/8 12:30,283.77,207.559998
2021/12/8 13:00,283.805,208.139999
2021/12/8 13:30,283.52,208.460007
2021/12/8 14:00,283.92,208.490005
2021/12/8 14:30,283.7,207.330002
2021/12/8 15:00,284.215,207.240005
2021/12/8 15:30,283.67,207.979996
2021/12/9 09:30,283.07,210.509995
2021/12/9 10:00,282.36,210.770004
2021/12/9 10:30,282.63,211.270004
2021/12/9 11:00,283.11,209.75
2021/12/9 11:30,283.1429,208.720001
2021/12/9 12:00,283.97,210.050003
2021/12/9 12:30,284.635,212.259995
2021/12/9 13:00,284.49,212.880005
2021/12/9 13:30,284.45,214.039993
2021/12/9 14:00,284.44,215.110001
2021/12/9 14:30,284.495,215.100006
2021/12/9 15:00,284.55,214.589996
2021/12/9 15:30,284.58,214.889999
2021/12/10 09:30,286.2,216.369995
2021/12/10 10:00,286.31,216.289993
2021/12/10 10:30,286.6,218.300003
2021/12/10 11:00,286.725,220.949997
2021/12/10 11:30,286.97,221.679993
2021/12/10 12:00,287,220.520004
2021/12/10 12:30,286.93,218.130005
2021/12/10 13:00,287.45,218.050003
2021/12/10 13:30,287.57,216.110001
2021/12/10 14:00,287.8,216.699997
2021/12/10 14:30,287.57,214.110001
2021/12/10 15:00,287.73,214.779999
2021/12/10 15:30,288.17,215.289993
2021/12/13 09:30,286.62,216.399994
2021/12/13 10:00,286.93,218.970001
2021/12/13 10:30,286.765,219.460007
2021/12/13 11:00,287.78,222.059998
2021/12/13 11:30,290.025,223.759995
2021/12/13 12:00,290.57,213.100006
2021/12/13 12:30,290.67,205.190002
2021/12/13 13:00,291.4,206.800003
2021/12/13 13:30,290.6519,205.029999
2021/12/13 14:00,291.2,209.830002
2021/12/13 14:30,290.63,210.520004
2021/12/13 15:00,290.51,208.699997
2021/12/13 15:30,290,209.830002
2021/12/14 09:30,292.03,206.190002
2021/12/14 10:00,292.48,204
2021/12/14 10:30,291.9,199.809998
2021/12/14 11:00,293.245,201.979996
2021/12/14 11:30,292.623,198.490005
2021/12/14 12:00,293.32,200.039993
2021/12/14 12:30,293.22,203.350006
2021/12/14 13:00,295.04,205.279999
2021/12/14 13:30,295.13,205.860001
2021/12/14 14:00,295.99,206.570007
2021/12/14 14:30,295.41,216.240005
2021/12/14 15:00,295.61,218.509995
2021/12/14 15:30,295.16,221.240005
2021/12/15 09:30,294.55,222.419998
2021/12/15 10:00,295.18,219.630005
2021/12/15 10:30,295.635,215.419998
2021/12/15 11:00,294.98,217.919998
2021/12/15 11:30,295.3844,216.029999
2021/12/15 12:00,295.7325,217.380005
2021/12/15 12:30,295.91,218.410004
2021/12/15 13:00,296.26,217.940002
2021/12/15 13:30,295.47,210.710007
2021/12/15 14:00,293.59,210.860001
2021/12/15 14:30,293.85,207.070007
2021/12/15 15:00,295.15,210.630005
2021/12/15 15:30,294.48,212.529999
2021/12/16 09:30,296.505,217.5
2021/12/16 10:00,297.6328,217.699997
2021/12/16 10:30,299.23,218.240005
2021/12/16 11:00,298.4979,220.809998
2021/12/16 11:30,299.19,210.119995
2021/12/16 12:00,299.97,207.960007
2021/12/16 12:30,299.2985,204.880005
2021/12/16 13:00,299.85,203.259995
2021/12/16 13:30,301.06,202.279999
2021/12/16 14:00,300.95,202.479996
2021/12/16 14:30,299.67,202.419998
2021/12/16 15:00,300.76,200
2021/12/16 15:30,300.23,197.919998
2021/12/17 09:30,293.43,196.520004
2021/12/17 10:00,293.73,195.169998
2021/12/17 10:30,295.25,193.580002
2021/12/17 11:00,295.79,192.100006
2021/12/17 11:30,293.895,187.759995
2021/12/17 12:00,293.05,197.570007
2021/12/17 12:30,293.1097,200.119995
2021/12/17 13:00,293.487,202.080002
2021/12/17 13:30,294.35,204.179993
2021/12/17 14:00,294.637,202.800003
2021/12/17 14:30,294.475,191.660004
2021/12/17 15:00,294.29,195.199997
2021/12/17 15:30,293.37,196.910004
2021/12/20 09:30,290.195,196.309998
2021/12/20 10:00,288.49,196.369995
2021/12/20 10:30,287.8,196.580002
2021/12/20 11:00,287.99,196.289993
2021/12/20 11:30,288.13,195.779999
2021/12/20 12:00,288.401,196.940002
2021/12/20 12:30,287.835,198.410004
2021/12/20 13:00,288.21,198.779999
2021/12/20 13:30,288.59,204.479996
2021/12/20 14:00,288.69,200.720001
2021/12/20 14:30,288.42,201.149994
2021/12/20 15:00,288.37,201.020004
2021/12/20 15:30,289.73,202.75
2021/12/21 09:30,293.0267,200.949997
2021/12/21 10:00,292.9,202.050003
2021/12/21 10:30,293.11,205.960007
2021/12/21 11:00,293.21,205.539993
2021/12/21 11:30,293.68,209.190002
2021/12/21 12:00,294.42,208.520004
2021/12/21 12:30,295.2226,207.820007
2021/12/21 13:00,294.21,206.009995
2021/12/21 13:30,293.46,201.729996
2021/12/21 14:00,293.16,200.919998
2021/12/21 14:30,292.96,203.050003
2021/12/21 15:00,293.03,206.149994
2021/12/21 15:30,293.21,205.800003
2021/12/22 09:30,292.64,202.779999
2021/12/22 10:00,293.23,205.289993
2021/12/22 10:30,294.4144,205.690002
2021/12/22 11:00,294.13,206.160004
2021/12/22 11:30,293.7257,205.330002
2021/12/22 12:00,293.59,201.910004
2021/12/22 12:30,293.76,202.309998
2021/12/22 13:00,293.8536,201.899994
2021/12/22 13:30,293.835,202.289993
2021/12/22 14:00,293.745,201.300003
2021/12/22 14:30,294.0459,203.130005
2021/12/22 15:00,293.995,201.809998
2021/12/22 15:30,294.31,201.470001
2021/12/23 09:30,295.44,200.669998
2021/12/23 10:00,295.6101,199.300003
2021/12/23 10:30,295.14,198.699997
2021/12/23 11:00,294.6972,202.089996
2021/12/23 11:30,294.54,202.5
2021/12/23 12:00,294.79,204.059998
2021/12/23 12:30,294.48,203.380005
2021/12/23 13:00,294.74,204.309998
2021/12/23 13:30,294.64,206.679993
2021/12/23 14:00,295.145,205.149994
2021/12/23 14:30,295.15,203.270004
2021/12/23 15:00,294.97,204.429993
2021/12/23 15:30,294.36,200.550003
2021/12/27 09:30,295.4,199.440002
2021/12/27 10:00,295.275,200.619995
2021/12/27 10:30,295.135,199.210007
2021/12/27 11:00,295.91,200.660004
2021/12/27 11:30,295.4023,200.889999
2021/12/27 12:00,295.37,205
2021/12/27 12:30,295.725,203.880005
2021/12/27 13:00,295.505,203.669998
2021/12/27 13:30,295.9954,204.100006
2021/12/27 14:00,295.965,205.330002
2021/12/27 14:30,295.86,205.25
2021/12/27 15:00,295.91,204.919998
2021/12/27 15:30,296.69,204.520004
2021/12/28 09:30,298.6,206.669998
2021/12/28 10:00,298.7577,210.559998
2021/12/28 10:30,298.84,209.740005
2021/12/28 11:00,299.49,211.800003
2021/12/28 11:30,299.3846,210.369995
2021/12/28 12:00,298.61,209.990005
2021/12/28 12:30,299.1165,209.490005
2021/12/28 13:00,298.93,211.610001
2021/12/28 13:30,299.19,210.570007
2021/12/28 14:00,298.53,211.949997
2021/12/28 14:30,298.62,214.220001
2021/12/28 15:00,298.33,216.580002
2021/12/28 15:30,298.32,216.710007
2021/12/29 09:30,299.54,216.710007
2021/12/29 10:00,300.32,215.929993
2021/12/29 10:30,300.42,218.600006
2021/12/29 11:00,299.9751,213.160004
2021/12/29 11:30,300.11,209.429993
2021/12/29 12:00,299.65,209.289993
2021/12/29 12:30,300.12,208.559998
2021/12/29 13:00,300.03,209.020004
2021/12/29 13:30,300.3004,205.009995
2021/12/29 14:00,299.6676,203.690002
2021/12/29 14:30,299.45,202.979996
2021/12/29 15:00,300.35,204.630005
2021/12/29 15:30,299.45,203.270004
2021/12/30 09:30,300.54,202.729996
2021/12/30 10:00,300.62,203.360001
2021/12/30 10:30,300.69,202.600006
2021/12/30 11:00,300.17,201.300003
2021/12/30 11:30,300.5,201.690002
2021/12/30 12:00,300.09,199.699997
2021/12/30 12:30,300.63,198.520004
2021/12/30 13:00,300.47,199.740005
2021/12/30 13:30,300.52,197.419998
2021/12/30 14:00,300.4,198.559998
2021/12/30 14:30,300.43,201.589996
2021/12/30 15:00,300.045,203.300003
2021/12/30 15:30,299.99,204.770004
2021/12/31 09:30,299.745,205.809998
2021/12/31 10:00,299.78,207.160004
2021/12/31 10:30,299.9094,206.630005
2021/12/31 11:00,299.88,204.570007
2021/12/31 11:30,299.57,204.990005
2021/12/31 12:00,299.63,205.160004
2021/12/31 12:30,300.07,203.479996
2021/12/31 13:00,300.24,206.009995
2021/12/31 13:30,300.46,206.75
2021/12/31 14:00,300.13,208.039993
2021/12/31 14:30,299.82,206.210007
2021/12/31 15:00,299.92,206.850006
2021/12/31 15:30,298.98,208.070007
2022/1/3 09:30,300.87,208.509995
2022/1/3 10:00,301.03,212.020004
2022/1/3 10:30,300.74,213.169998
2022/1/3 11:00,300.55,214.619995
2022/1/3 11:30,300.68,214.539993
2022/1/3 12:00,300.68,215.160004
2022/1/3 12:30,299.82,215.25
2022/1/3 13:00,299.86,215.130005
2022/1/3 13:30,299.99,214.75
2022/1/3 14:00,299.92,214.029999
2022/1/3 14:30,300.045,213.169998
2022/1/3 15:00,299.92,214.100006
2022/1/3 15:30,300.78,213.539993
2022/1/4 09:30,304.98,212.880005
2022/1/4 10:00,307.282,207.449997
2022/1/4 10:30,308.1,207.979996
2022/1/4 11:00,307.745,205.970001
2022/1/4 11:30,308.1,204.839996
2022/1/4 12:00,308.3073,206.460007
2022/1/4 12:30,308.4,207.970001
2022/1/4 13:00,307.96,207.899994
2022/1/4 13:30,308.215,209.899994
2022/1/4 14:00,308.25,208.610001
2022/1/4 14:30,308.53,207.809998
2022/1/4 15:00,308.105,205.429993
2022/1/4 15:30,308.44,201.710007
2022/1/5 09:30,313.76,202.669998
2022/1/5 10:00,313.97,197.729996
2022/1/5 10:30,313.76,200.550003
2022/1/5 11:00,312.62,198.210007
2022/1/5 11:30,312.12,200.520004
2022/1/5 12:00,313.79,199.050003
2022/1/5 12:30,314.08,197.179993
2022/1/5 13:00,313.7,198.779999
2022/1/5 13:30,313.3891,195.809998
2022/1/5 14:00,311.775,198.309998
2022/1/5 14:30,311.21,199.720001
2022/1/5 15:00,311.24,200.940002
2022/1/5 15:30,309.87,198.149994
2022/1/6 09:30,312.42,199.240005
2022/1/6 10:00,312.18,201.009995
2022/1/6 10:30,310.94,197.160004
2022/1/6 11:00,310.95,200.199997
2022/1/6 11:30,311.17,198.350006
2022/1/6 12:00,312.76,200.449997
2022/1/6 12:30,312.8229,203.199997
2022/1/6 13:00,313.065,203.410004
2022/1/6 13:30,313.62,200.899994
2022/1/6 14:00,313.12,202.190002
2022/1/6 14:30,313.645,204.240005
2022/1/6 15:00,312.98,204.729996
2022/1/6 15:30,313.16,206.619995
2022/1/7 09:30,316.24,208.309998
2022/1/7 10:00,317.94,210.910004
2022/1/7 10:30,318.11,211.369995
2022/1/7 11:00,317.67,213.610001
2022/1/7 11:30,318.56,210.330002
2022/1/7 12:00,319.23,210.149994
2022/1/7 12:30,318.56,210.899994
2022/1/7 13:00,318.78,209.220001
2022/1/7 13:30,319.33,208.119995
2022/1/7 14:00,318.97,207.960007
2022/1/7 14:30,319.63,206.399994
2022/1/7 15:00,319.88,208.110001
2022/1/7 15:30,319.77,206.899994
2022/1/10 09:30,318.4804,207.449997
2022/1/10 10:00,316.4599,208.020004
2022/1/10 10:30,317.24,206.710007
2022/1/10 11:00,317.585,203.100006
2022/1/10 11:30,315.905,204.979996
2022/1/10 12:00,316.07,208.080002
2022/1/10 12:30,317.52,207.240005
2022/1/10 13:00,317.16,204.089996
2022/1/10 13:30,317.67,206.690002
2022/1/10 14:00,317.905,206.860001
2022/1/10 14:30,318.89,208.080002
2022/1/10 15:00,317.97,207.910004
2022/1/10 15:30,319.01,209.380005
2022/1/11 09:30,315.43,209.289993
2022/1/11 10:00,316.1576,208.619995
2022/1/11 10:30,317.625,208.759995
2022/1/11 11:00,317.13,211.490005
2022/1/11 11:30,316.485,210.619995
2022/1/11 12:00,317.32,210.960007
2022/1/11 12:30,318.5075,210.259995
2022/1/11 13:00,317.94,211.800003
2022/1/11 13:30,317.7,212.860001
2022/1/11 14:00,318.1594,213.009995
2022/1/11 14:30,318.455,213.25
2022/1/11 15:00,318.47,212.580002
2022/1/11 15:30,319.67,215.830002
2022/1/12 09:30,319.485,217.979996
2022/1/12 10:00,318.98,220.880005
2022/1/12 10:30,320.25,222
2022/1/12 11:00,319.31,222.740005
2022/1/12 11:30,320.45,221.309998
2022/1/12 12:00,320.6,220.850006
2022/1/12 12:30,320.34,220.889999
2022/1/12 13:00,320.06,219.770004
2022/1/12 13:30,319.55,219.360001
2022/1/12 14:00,320.275,219.740005
2022/1/12 14:30,320.29,219.350006
2022/1/12 15:00,319.91,219.029999
2022/1/12 15:30,320.38,217.479996
2022/1/13 09:30,321.12,216.630005
2022/1/13 10:00,321.4,217.960007
2022/1/13 10:30,322.81,219.059998
2022/1/13 11:00,323.2,218.899994
2022/1/13 11:30,322.75,220.5
2022/1/13 12:00,322.45,220.300003
2022/1/13 12:30,322.54,220.330002
2022/1/13 13:00,322.72,218.080002
2022/1/13 13:30,322.4572,218.399994
2022/1/13 14:00,321.4531,219.600006
2022/1/13 14:30,321.985,222.610001
2022/1/13 15:00,321.53,221.380005
2022/1/13 15:30,321.27,221.259995
2022/1/14 09:30,319.75,222.570007
2022/1/14 10:00,320.665,225.919998
2022/1/14 10:30,321.685,225.369995
2022/1/14 11:00,320.61,226.850006
2022/1/14 11:30,321.715,227.050003
2022/1/14 12:00,321.69,225.009995
2022/1/14 12:30,320.75,225.210007
2022/1/14 13:00,321.7892,226.309998
2022/1/14 13:30,322.1,225.479996
2022/1/14 14:00,322.81,225.470001
2022/1/14 14:30,322.975,226.449997
2022/1/14 15:00,323.385,226.139999
2022/1/14 15:30,324.13,225.759995
2022/1/18 09:30,318.81,226.5
2022/1/18 10:00,319.25,228.389999
2022/1/18 10:30,320.22,226.179993
2022/1/18 11:00,321.22,226.990005
2022/1/18 11:30,319.745,225.919998
2022/1/18 12:00,319.37,225.990005
2022/1/18 12:30,319.0622,228.649994
2022/1/18 13:00,319.9111,226.619995
2022/1/18 13:30,320.84,228.449997
2022/1/18 14:00,321.175,227.169998
2022/1/18 14:30,321.38,228.350006
2022/1/18 15:00,320.885,229.729996
2022/1/18 15:30,320.52,230.199997
2022/1/19 09:30,318.59,228.630005
2022/1/19 10:00,316.505,229.539993
2022/1/19 10:30,317.87,229.380005
2022/1/19 11:00,319.33,226.860001
2022/1/19 11:30,319.92,222.449997
2022/1/19 12:00,318.61,224.029999
2022/1/19 12:30,317.82,224.5
2022/1/19 13:00,317.7,227.880005
2022/1/19 13:30,317.01,224.429993
2022/1/19 14:00,316.43,223.470001
2022/1/19 14:30,316.84,225.080002
2022/1/19 15:00,316.81,228.649994
2022/1/19 15:30,314.89,229.610001
2022/1/20 09:30,315.99,227.380005
2022/1/20 10:00,316.15,227.110001
2022/1/20 10:30,316.605,227.330002
2022/1/20 11:00,316.33,227.440002
2022/1/20 11:30,315.52,226.470001
2022/1/20 12:00,315.4597,226.800003
2022/1/20 12:30,315.055,226.770004
2022/1/20 13:00,314.61,229.240005
2022/1/20 13:30,314.46,228.169998
2022/1/20 14:00,314.29,229.330002
2022/1/20 14:30,314.085,221.690002
2022/1/20 15:00,313.1,218.050003
2022/1/20 15:30,310.97,216.059998
2022/1/21 09:30,309.05,207.669998
2022/1/21 10:00,308.21,206.339996
2022/1/21 10:30,309.73,217.630005
2022/1/21 11:00,310.67,208.809998
2022/1/21 11:30,309.15,217.860001
2022/1/21 12:00,308.65,208.960007
2022/1/21 12:30,307.93,205.979996
2022/1/21 13:00,308.11,193.130005
2022/1/21 13:30,307.67,202.729996
2022/1/21 14:00,307.36,194.639999
2022/1/21 14:30,306.14,175.970001
2022/1/21 15:00,304.28,196.399994
2022/1/21 15:30,305.05,177.770004
2022/1/24 09:30,299.03,187.600006
2022/1/24 10:00,299.3977,172.440002
2022/1/24 10:30,300.74,174.679993
2022/1/24 11:00,299.61,170.059998
2022/1/24 11:30,298.82,162.130005
2022/1/24 12:00,297.78,178.199997
2022/1/24 12:30,297.77,180.470001
2022/1/24 13:00,297.615,183.899994
2022/1/24 13:30,299.85,179.660004
2022/1/24 14:00,297.8187,183.179993
2022/1/24 14:30,297.41,182.830002
2022/1/24 15:00,298.32,175.949997
2022/1/24 15:30,304.04,179.729996
2022/1/25 09:30,296.05,178.339996
2022/1/25 10:00,299.58,185.240005
2022/1/25 10:30,300.96,185.25
2022/1/25 11:00,303.41,191.009995
2022/1/25 11:30,301.54,193.839996
2022/1/25 12:00,303.83,188.770004
2022/1/25 12:30,303.81,192.940002
2022/1/25 13:00,305.17,188.570007
2022/1/25 13:30,307.17,187.960007
2022/1/25 14:00,307.65,191.199997
2022/1/25 14:30,308.93,188.75
2022/1/25 15:00,307.32,183.479996
2022/1/25 15:30,307.02,186.580002
2022/1/26 09:30,310.95,185.630005
2022/1/26 10:00,309.07,186.520004
2022/1/26 10:30,309.1,187.460007
2022/1/26 11:00,310.7,187.119995
2022/1/26 11:30,311.17,189.610001
2022/1/26 12:00,312.315,187.360001
2022/1/26 12:30,312.11,182.669998
2022/1/26 13:00,311.4059,177.949997
2022/1/26 13:30,312.32,176.029999
2022/1/26 14:00,312.77,172.380005
2022/1/26 14:30,310.4303,173.479996
2022/1/26 15:00,307.74,176.830002
2022/1/26 15:30,309.16,174.639999
2022/1/27 09:30,314.69,172.809998
2022/1/27 10:00,313.21,170.570007
2022/1/27 10:30,314.54,170.929993
2022/1/27 11:00,311.93,169.25
2022/1/27 11:30,312.7,175.460007
2022/1/27 12:00,310.4454,172.490005
2022/1/27 12:30,308.4,176.020004
2022/1/27 13:00,306.125,174.940002
2022/1/27 13:30,305.95,174.929993
2022/1/27 14:00,306.59,180.339996
2022/1/27 14:30,306.45,185.770004
2022/1/27 15:00,307.62,185.100006
2022/1/27 15:30,307.67,185.580002
2022/1/28 09:30,304.38,183.839996
2022/1/28 10:00,305.78,185.940002
2022/1/28 10:30,306.07,190.820007
2022/1/28 11:00,306.85,192.050003
2022/1/28 11:30,307.31,200.660004
2022/1/28 12:00,308.2625,201.559998
2022/1/28 12:30,307.78,196.070007
2022/1/28 13:00,308.65,191.509995
2022/1/28 13:30,309.07,178.020004
2022/1/28 14:00,307.29,181.210007
2022/1/28 14:30,309.14,181.550003
2022/1/28 15:00,310.25,182.300003
2022/1/28 15:30,313.1,180.860001
2022/1/31 09:30,308.605,180.729996
2022/1/31 10:00,310.76,179.720001
2022/1/31 10:30,310.995,180.169998
2022/1/31 11:00,310.745,181.009995
2022/1/31 11:30,311.89,177.529999
2022/1/31 12:00,312.21,178.850006
2022/1/31 12:30,312.55,175.369995
2022/1/31 13:00,312.8433,177.190002
2022/1/31 13:30,312.502,178.509995
2022/1/31 14:00,312.99,177.990005
2022/1/31 14:30,312.65,178.830002
2022/1/31 15:00,312.3366,182.720001
2022/1/31 15:30,312.95,181.149994
2022/2/1 09:30,312.87,181.199997
2022/2/1 10:00,311.92,178.800003
2022/2/1 10:30,312.21,182.899994
2022/2/1 11:00,311.15,184.130005
2022/2/1 11:30,311.22,189.710007
2022/2/1 12:00,311.1597,190.559998
2022/2/1 12:30,311.6,191.009995
2022/2/1 13:00,311.67,190.759995
2022/2/1 13:30,312.225,190.479996
2022/2/1 14:00,311.9838,192.270004
2022/2/1 14:30,312.11,192.100006
2022/2/1 15:00,313.66,193.25
2022/2/1 15:30,313.82,194.520004
2022/2/2 09:30,313.2524,192.139999
2022/2/2 10:00,314.5274,194.119995
2022/2/2 10:30,315.85,196.410004
2022/2/2 11:00,316.2804,194.300003
2022/2/2 11:30,317.7481,195.779999
2022/2/2 12:00,317.54,199.259995
2022/2/2 12:30,317.6894,200.240005
2022/2/2 13:00,318.367,203.619995
2022/2/2 13:30,319.58,205.020004
2022/2/2 14:00,319.4,209.479996
2022/2/2 14:30,319.3775,212.580002
2022/2/2 15:00,319.62,212.660004
2022/2/2 15:30,319.61,213.240005
2022/2/3 09:30,317.34,211.979996
2022/2/3 10:00,317.7,210.960007
2022/2/3 10:30,317.97,206.779999
2022/2/3 11:00,317.33,208.330002
2022/2/3 11:30,316.68,207.210007
2022/2/3 12:00,316.42,206.119995
2022/2/3 12:30,316.805,207.429993
2022/2/3 13:00,316.39,212.610001
2022/2/3 13:30,316.365,213.350006
2022/2/3 14:00,315.73,214.660004
2022/2/3 14:30,315.49,216.869995
2022/2/3 15:00,316.12,218.550003
2022/2/3 15:30,315.09,218.039993
2022/2/4 09:30,315.15,218.550003
2022/2/4 10:00,314.265,221.679993
2022/2/4 10:30,313.45,218.149994
2022/2/4 11:00,313.565,218.320007
2022/2/4 11:30,314.33,217.800003
2022/2/4 12:00,315.28,219.630005
2022/2/4 12:30,316.17,217.800003
2022/2/4 13:00,316.402,217.929993
2022/2/4 13:30,316.52,219.940002
2022/2/4 14:00,316.4,218.940002
2022/2/4 14:30,316.49,219.589996
2022/2/4 15:00,317.49,218.050003
2022/2/4 15:30,315.2,218.210007
2022/2/7 09:30,314.15,213.020004
2022/2/7 10:00,314.65,214.160004
2022/2/7 10:30,315.455,209.610001
2022/2/7 11:00,316.53,208.720001
2022/2/7 11:30,316.47,210.449997
2022/2/7 12:00,315.59,213.539993
2022/2/7 12:30,315.895,210.440002
2022/2/7 13:00,316.51,212.940002
2022/2/7 13:30,317.005,212.020004
2022/2/7 14:00,317.17,211.179993
2022/2/7 14:30,317.4,212.360001
2022/2/7 15:00,317.46,210.259995
2022/2/7 15:30,316.44,213.289993
2022/2/8 09:30,318.655,215.149994
2022/2/8 10:00,318.13,215.679993
2022/2/8 10:30,318.26,216.410004
2022/2/8 11:00,318.39,212.309998
2022/2/8 11:30,320.43,210.910004
2022/2/8 12:00,319.98,211.649994
2022/2/8 12:30,321.2067,211.910004
2022/2/8 13:00,321.33,208.990005
2022/2/8 13:30,322.345,210.059998
2022/2/8 14:00,321.1857,210.179993
2022/2/8 14:30,320.69,211.610001
2022/2/8 15:00,321.57,212.710007
2022/2/8 15:30,321.31,208.490005
2022/2/9 09:30,322.96,206.880005
2022/2/9 10:00,323.9,200.699997
2022/2/9 10:30,324.84,201.509995
2022/2/9 11:00,323.54,201.899994
2022/2/9 11:30,322.7,204.309998
2022/2/9 12:00,322.56,206.630005
2022/2/9 12:30,322.15,206.169998
2022/2/9 13:00,322.59,207.449997
2022/2/9 13:30,323.07,208.850006
2022/2/9 14:00,323.26,221.5
2022/2/9 14:30,322.44,228.479996
2022/2/9 15:00,322.6,227.369995
2022/2/9 15:30,322.2,224.720001
2022/2/10 09:30,321.25,227.419998
2022/2/10 10:00,320.875,233.100006
2022/2/10 10:30,320.43,233.160004
2022/2/10 11:00,319.59,230.070007
2022/2/10 11:30,319.825,229.529999
2022/2/10 12:00,319.5589,227.009995
2022/2/10 12:30,319.05,229.539993
2022/2/10 13:00,319.58,233.919998
2022/2/10 13:30,319.4,233.130005
2022/2/10 14:00,319.2,231.550003
2022/2/10 14:30,319.2,228.910004
2022/2/10 15:00,319.7,229.679993
2022/2/10 15:30,320.07,230.419998
2022/2/11 09:30,320.5,231.020004
2022/2/11 10:00,321.75,231.350006
2022/2/11 10:30,322.07,229.240005
2022/2/11 11:00,322.21,228.190002
2022/2/11 11:30,322.1688,227.509995
2022/2/11 12:00,322.51,227.350006
2022/2/11 12:30,322.395,226.389999
2022/2/11 13:00,321.46,222.850006
2022/2/11 13:30,319,224.380005
2022/2/11 14:00,318.985,221.910004
2022/2/11 14:30,319.04,224.679993
2022/2/11 15:00,318.61,223.429993
2022/2/11 15:30,319.03,223.490005
2022/2/14 09:30,315.73,221.880005
2022/2/14 10:00,316.05,224.240005
2022/2/14 10:30,313.32,226.529999
2022/2/14 11:00,313.98,228.410004
2022/2/14 11:30,314.136,229.570007
2022/2/14 12:00,314.785,229.649994
2022/2/14 12:30,314.51,231.869995
2022/2/14 13:00,314.67,228.449997
2022/2/14 13:30,312.42,227.470001
2022/2/14 14:00,313.2,230.270004
2022/2/14 14:30,313.38,232.880005
2022/2/14 15:00,313.21,234.029999
2022/2/14 15:30,314.03,233.429993
2022/2/15 09:30,315.125,233.029999
2022/2/15 10:00,316.7342,234.509995
2022/2/15 10:30,316.9953,235.020004
2022/2/15 11:00,316.01,233.490005
2022/2/15 11:30,316.09,234.550003
2022/2/15 12:00,316.2732,234.759995
2022/2/15 12:30,315.75,234.160004
2022/2/15 13:00,316.09,232.919998
2022/2/15 13:30,315.83,233.009995
2022/2/15 14:00,315.705,231.570007
2022/2/15 14:30,315.395,227.360001
2022/2/15 15:00,316.15,230.949997
2022/2/15 15:30,316.12,227.869995
2022/2/16 09:30,314.74,229.320007
2022/2/16 10:00,315.665,232.240005
2022/2/16 10:30,315.35,232.679993
2022/2/16 11:00,315.96,235.770004
2022/2/16 11:30,315.65,235.160004
2022/2/16 12:00,315.3605,237.419998
2022/2/16 12:30,315.195,239.910004
2022/2/16 13:00,314.98,239.919998
2022/2/16 13:30,314.96,239.759995
2022/2/16 14:00,316.0394,242.460007
2022/2/16 14:30,316.28,245.279999
2022/2/16 15:00,316.51,245.25
2022/2/16 15:30,315.65,243.5
2022/2/17 09:30,312.785,241.850006
2022/2/17 10:00,312.7277,244.970001
2022/2/17 10:30,313.64,245.529999
2022/2/17 11:00,313.712,248.449997
2022/2/17 11:30,314.4,243.690002
2022/2/17 12:00,314.9222,240.509995
2022/2/17 12:30,314.69,249.210007
2022/2/17 13:00,314.78,249.220001
2022/2/17 13:30,314.73,251.550003
2022/2/17 14:00,314.165,245.479996
2022/2/17 14:30,313.72,253.149994
2022/2/17 15:00,313.49,257.609985
2022/2/17 15:30,313.47,259.019989
2022/2/18 09:30,315.32,263.98999
2022/2/18 10:00,315.03,260.910004
2022/2/18 10:30,314.555,260.019989
2022/2/18 11:00,315.09,254.610001
2022/2/18 11:30,313.58,251.5
2022/2/18 12:00,314.045,252
2022/2/18 12:30,313.29,252.460007
2022/2/18 13:00,313.645,250.990005
2022/2/18 13:30,313.92,250.360001
2022/2/18 14:00,314.72,248.309998
2022/2/18 14:30,315.1,249.630005
2022/2/18 15:00,314.065,250.75
2022/2/18 15:30,314.79,256.769989
2022/2/22 09:30,314.21,258.820007
2022/2/22 10:00,314.615,258.190002
2022/2/22 10:30,313.47,255.470001
2022/2/22 11:00,314.22,258.200012
2022/2/22 11:30,315.17,262.660004
2022/2/22 12:00,314.62,263.059998
2022/2/22 12:30,313.37,263.619995
2022/2/22 13:00,312.9632,263.51001
2022/2/22 13:30,311.4,266.01001
2022/2/22 14:00,311.7421,267.929993
2022/2/22 14:30,313.68,267.100006
2022/2/22 15:00,314.48,267.529999
2022/2/22 15:30,314.15,269.140015
2022/2/23 09:30,315.5161,272.109985
2022/2/23 10:00,313.01,270.279999
2022/2/23 10:30,312.71,267.890015
2022/2/23 11:00,312.51,272.209991
2022/2/23 11:30,313.08,269.51001
2022/2/23 12:00,314.0493,271.980011
2022/2/23 12:30,312.98,270.859985
2022/2/23 13:00,311.465,273.649994
2022/2/23 13:30,312.06,272.950012
2022/2/23 14:00,311.0521,277.600006
2022/2/23 14:30,310.9,274.950012
2022/2/23 15:00,310.82,279.179993
2022/2/23 15:30,310.1,280.26001
2022/2/24 09:30,302.5913,282.76001
2022/2/24 10:00,301.685,289.709991
2022/2/24 10:30,301.42,290.929993
2022/2/24 11:00,301.05,292.329987
2022/2/24 11:30,301.8425,285.630005
2022/2/24 12:00,300.514,282.910004
2022/2/24 12:30,300.41,286.899994
2022/2/24 13:00,301.3,290.679993
2022/2/24 13:30,302.765,289.220001
2022/2/24 14:00,303.45,287.589996
2022/2/24 14:30,304.9179,286.220001
2022/2/24 15:00,304.98,286.730011
2022/2/24 15:30,308.2,287.73999
2022/2/25 09:30,313.11,289.730011
2022/2/25 10:00,315.4,287.200012
2022/2/25 10:30,314.535,287.329987
2022/2/25 11:00,316.235,289.299988
2022/2/25 11:30,318.48,289.440002
2022/2/25 12:00,319.08,289.839996
2022/2/25 12:30,320.01,290.019989
2022/2/25 13:00,320.2,291.970001
2022/2/25 13:30,320.35,292.519989
2022/2/25 14:00,320.985,289.459991
2022/2/25 14:30,319.995,289.190002
2022/2/25 15:00,320.21,288.579987
2022/2/25 15:30,319.23,284.910004
2022/2/28 09:30,318.45,286.820007
2022/2/28 10:00,316.65,283.529999
2022/2/28 10:30,317.91,283.940002
2022/2/28 11:00,320.48,283.109985
2022/2/28 11:30,320.41,278.690002
2022/2/28 12:00,319.16,274.040009
2022/2/28 12:30,318.905,277.100006
2022/2/28 13:00,319.2976,276.920013
2022/2/28 13:30,319.069,274.660004
2022/2/28 14:00,317.29,275.48999
2022/2/28 14:30,317.305,278.380005
2022/2/28 15:00,318.68,276.609985
2022/2/28 15:30,321.22,276.209991
2022/3/1 09:30,317.975,277.920013
2022/3/1 10:00,316.94,280.170013
2022/3/1 10:30,316.1,279.119995
2022/3/1 11:00,316.13,277.320007
2022/3/1 11:30,314.375,279.23999
2022/3/1 12:00,315.17,274.100006
2022/3/1 12:30,315.9,280.48999
2022/3/1 13:00,314.51,280.109985
2022/3/1 13:30,314.34,279.209991
2022/3/1 14:00,316.02,278.309998
2022/3/1 14:30,316.24,279.720001
2022/3/1 15:00,316.13,277.899994
2022/3/1 15:30,316.84,272.660004
2022/3/2 09:30,320.69,276.890015
2022/3/2 10:00,321.4,279.880005
2022/3/2 10:30,323.6,277.700012
2022/3/2 11:00,324.315,278.48999
2022/3/2 11:30,324.61,278.799988
2022/3/2 12:00,324.9102,280.779999
2022/3/2 12:30,325.31,278.100006
2022/3/2 13:00,324.715,279.76001
2022/3/2 13:30,325.0974,278.290009
2022/3/2 14:00,324.31,278.140015
2022/3/2 14:30,323.33,281.799988
2022/3/2 15:00,323.63,278.779999
2022/3/2 15:30,323.71,280.209991
2022/3/3 09:30,328.548,285.630005
2022/3/3 10:00,328.1665,287.230011
2022/3/3 10:30,325.1642,288.940002
2022/3/3 11:00,324.81,291.279999
2022/3/3 11:30,324.212,290.23999
2022/3/3 12:00,325.08,287.890015
2022/3/3 12:30,327.325,289.450012
2022/3/3 13:00,328.31,289.100006
2022/3/3 13:30,328.29,286.359985
2022/3/3 14:00,328.77,285.130005
2022/3/3 14:30,328.09,285.269989
2022/3/3 15:00,328.545,285.619995
2022/3/3 15:30,327.73,286.019989
2022/3/4 09:30,322.575,287.299988
2022/3/4 10:00,321.1317,285.269989
2022/3/4 10:30,320.71,286.600006
2022/3/4 11:00,322.845,285.660004
2022/3/4 11:30,321.73,285.769989
2022/3/4 12:00,323.32,285.26001
2022/3/4 12:30,324.39,285.049988
2022/3/4 13:00,323.45,281.890015
2022/3/4 13:30,322.84,278.899994
2022/3/4 14:00,323.7,279.339996
2022/3/4 14:30,322.12,278.609985
2022/3/4 15:00,323.2,277.600006
2022/3/4 15:30,325.17,279.920013
2022/3/7 09:30,321.54,277.200012
2022/3/7 10:00,323.87,278.179993
2022/3/7 10:30,324.61,277.51001
2022/3/7 11:00,324.7066,276.76001
2022/3/7 11:30,324.205,274.200012
2022/3/7 12:00,321.7,273.179993
2022/3/7 12:30,321.15,274.070007
2022/3/7 13:00,322,278.119995
2022/3/7 13:30,322.05,277.869995
2022/3/7 14:00,322.81,279.720001
2022/3/7 14:30,322.9166,276.790009
2022/3/7 15:00,322.69,277.290009
2022/3/7 15:30,322.5,272.940002
2022/3/8 09:30,323.875,275.709991
2022/3/8 10:00,321.24,273.640015
2022/3/8 10:30,321.385,278.049988
2022/3/8 11:00,319.435,280.220001
2022/3/8 11:30,320.5,282.950012
2022/3/8 12:00,324.88,284.140015
2022/3/8 12:30,325.08,280.929993
2022/3/8 13:00,324.88,278.619995
2022/3/8 13:30,322.59,277.899994
2022/3/8 14:00,322.57,281.640015
2022/3/8 14:30,323.28,284.209991
2022/3/8 15:00,320.375,282.589996
2022/3/8 15:30,318.49,284.829987
2022/3/9 09:30,323.6,287.48999
2022/3/9 10:00,324.88,286.820007
2022/3/9 10:30,323.665,289.23999
2022/3/9 11:00,324.21,290.26001
2022/3/9 11:30,325.435,290.850006
2022/3/9 12:00,325.89,287.779999
2022/3/9 12:30,326.425,289.720001
2022/3/9 13:00,326.115,287.01001
2022/3/9 13:30,325.52,286.23999
2022/3/9 14:00,325.3,287.929993
2022/3/9 14:30,325.74,288.720001
2022/3/9 15:00,326.95,287.690002
2022/3/9 15:30,325.35,287.880005
2022/3/10 09:30,324.02,288.799988
2022/3/10 10:00,323.26,286.350006
2022/3/10 10:30,323.94,285.320007
2022/3/10 11:00,322.38,284.649994
2022/3/10 11:30,322.55,285.98999
2022/3/10 12:00,323.1,284.670013
2022/3/10 12:30,322.69,283.359985
2022/3/10 13:00,322.82,281.589996
2022/3/10 13:30,323.415,280.630005
2022/3/10 14:00,324.03,279.98999
2022/3/10 14:30,324.4463,284.970001
2022/3/10 15:00,323.86,288.559998
2022/3/10 15:30,324.87,287.279999
2022/3/11 09:30,330.425,283.089996
2022/3/11 10:00,329.471,282.119995
2022/3/11 10:30,330.22,276.690002
2022/3/11 11:00,330.35,275
2022/3/11 11:30,328.71,279.089996
2022/3/11 12:00,328.28,277.429993
2022/3/11 12:30,328.505,281.380005
2022/3/11 13:00,329.475,284.970001
2022/3/11 13:30,328.92,283.720001
2022/3/11 14:00,329.0506,284.519989
2022/3/11 14:30,328.84,288.230011
2022/3/11 15:00,328.1,290.01001
2022/3/11 15:30,326.63,295.029999
2022/3/14 09:30,328.86,294.579987
2022/3/14 10:00,330.3393,300.170013
2022/3/14 10:30,333.29,293.660004
2022/3/14 11:00,332.4,289.609985
2022/3/14 11:30,331.06,293.23999
2022/3/14 12:00,331.53,294.410004
2022/3/14 12:30,330.15,294.48999
2022/3/14 13:00,330.46,296.670013
2022/3/14 13:30,329.47,298.290009
2022/3/14 14:00,328,299.459991
2022/3/14 14:30,329.47,299.980011
2022/3/14 15:00,330.06,299
2022/3/14 15:30,330.05,300.790009
2022/3/15 09:30,330.695,308.529999
2022/3/15 10:00,331.14,309.920013
2022/3/15 10:30,330.54,313.220001
2022/3/15 11:00,331.6975,319.779999
2022/3/15 11:30,331.23,318.929993
2022/3/15 12:00,332.23,319.799988
2022/3/15 12:30,332.825,320.390015
2022/3/15 13:00,332.3,321.26001
2022/3/15 13:30,331.65,324.130005
2022/3/15 14:00,330.59,320.290009
2022/3/15 14:30,332.68,314.75
2022/3/15 15:00,332.745,311.01001
2022/3/15 15:30,332.59,305.220001
2022/3/16 09:30,336.43,303.730011
2022/3/16 10:00,336.0701,307.190002
2022/3/16 10:30,335.93,309.26001
2022/3/16 11:00,335.84,307.670013
2022/3/16 11:30,335.6278,312.899994
2022/3/16 12:00,336.25,313.019989
2022/3/16 12:30,335.705,313.959991
2022/3/16 13:00,334.8148,319.600006
2022/3/16 13:30,333.5,315.230011
2022/3/16 14:00,332.67,314.98999
2022/3/16 14:30,332.96,316.51001
2022/3/16 15:00,335.09,321.440002
2022/3/16 15:30,336.58,322.380005
2022/3/17 09:30,337.15,319.850006
2022/3/17 10:00,339,319.140015
2022/3/17 10:30,337.97,314.279999
2022/3/17 11:00,338.81,316.200012
2022/3/17 11:30,339.58,315.649994
2022/3/17 12:00,341.85,313.549988
2022/3/17 12:30,343.22,314.799988
2022/3/17 13:00,342.815,314.160004
2022/3/17 13:30,342.55,309.98999
2022/3/17 14:00,342.34,308.279999
2022/3/17 14:30,343.7052,319.23999
2022/3/17 15:00,343.62,321.450012
2022/3/17 15:30,343.72,316.839996
2022/3/18 09:30,342.5553,323.640015
2022/3/18 10:00,342.69,327.73999
2022/3/18 10:30,341.1,325.339996
2022/3/18 11:00,340.1476,322.720001
2022/3/18 11:30,339.86,318.519989
2022/3/18 12:00,339.94,325.399994
2022/3/18 12:30,340.4351,325.299988
2022/3/18 13:00,341.8,326.600006
2022/3/18 13:30,341.125,329.980011
2022/3/18 14:00,341.79,332.549988
2022/3/18 14:30,341.6034,336.109985
2022/3/18 15:00,342.82,344.970001
2022/3/18 15:30,342.59,342.410004
